"","from","to","weight"
"1","Al Golden","George DeLeone",2
"2","Al Golden","James Coley",3
"3","Al Golden","Jedd Fisch",2
"4","Al Golden","Mark D'Onofrio",10
"5","Al Golden","Matt Rhule",3
"6","Al Groh","Al Golden",5
"7","Al Groh","Bill Musgrave",2
"8","Al Groh","Bob Diaco",1
"9","Al Groh","Bob Pruett",1
"10","Al Groh","Gregg Brandon",1
"11","Al Groh","Mike Groh",3
"12","Al Groh","Mike London",2
"13","Al Groh","Ron Prince",3
"14","Andy Avalos","Kane Ioane",1
"15","Andy Avalos","Spencer Danielson",1
"16","Andy Avalos","Tim Plough",1
"17","Andy McCollum","Blake Anderson",2
"18","Andy McCollum","Darin Hinshaw",3
"19","Andy McCollum","Larry Fedora",2
"20","Andy McCollum","Mark Criner",1
"21","Andy McCollum","Miles Aldridge",1
"22","Andy McCollum","Steve Campbell",1
"23","Andy McCollum","Steve Davis",3
"24","Art Briles","Alan Weddell",2
"25","Art Briles","Brian Norwood",3
"26","Art Briles","Kendal Briles",1
"27","Art Briles","Phil Bennett",5
"28","Art Briles","Philip Montgomery",8
"29","Art Briles","Randy Clements",5
"30","Art Briles","Ron Harris",3
"31","Barry Alvarez","Bret Bielema",2
"32","Barry Alvarez","Brian White",6
"33","Barry Alvarez","Kevin Cosgrove",4
"34","Barry Alvarez","Paul Chryst",1
"35","Barry Odom","DeMontie Cross",2
"36","Barry Odom","Derek Dooley",2
"37","Barry Odom","Josh Heupel",2
"38","Barry Odom","Ryan Walters",3
"39","Bill Blankenship","Brent Guy",4
"40","Bill Blankenship","Denver Johnson",1
"41","Bill Blankenship","Greg Peterson",3
"42","Bill Callahan","Jay Norvell",3
"43","Bill Callahan","Kevin Cosgrove",4
"44","Bill Callahan","Shawn Watson",1
"45","Bill Clark","Bryant Vincent",4
"46","Bill Clark","David Reeves",5
"47","Bill Clark","Duwan Walker",1
"48","Bill Clark","Les Koenning",1
"49","Bill Cubit","Bill Miller",1
"50","Bill Cubit","Dave Cohen",2
"51","Bill Cubit","George McDonald",2
"52","Bill Cubit","Mike Phair",1
"53","Bill Cubit","Rich Nagy",1
"54","Bill Cubit","Ryan Cubit",1
"55","Bill Cubit","Scott Shafer",2
"56","Bill Cubit","Steve Morrison",2
"57","Bill Cubit","Tim Banks",1
"58","Bill Doba","Mike Levenseller",5
"59","Bill Doba","Robb Akey",4
"60","Bill Lynch","Bob Bartolomeo",3
"61","Bill Lynch","Brian George",4
"62","Bill Lynch","Joe Palcic",4
"63","Bill Lynch","Matt Canada",4
"64","Bill Lynch","Rich Spisak",1
"65","Bill Lynch","Ted Huber",1
"66","Bill O'Brien","John Butler",1
"67","Bill O'Brien","Ted Roof",1
"68","Bill Snyder","Andre Coleman",1
"69","Bill Snyder","Blake Seiler",1
"70","Bill Snyder","Bob Elliott",4
"71","Bill Snyder","Bret Bielema",2
"72","Bill Snyder","Brian Norwood",1
"73","Bill Snyder","Charlie Dickey",1
"74","Bill Snyder","Chris Cosh",3
"75","Bill Snyder","Collin Klein",1
"76","Bill Snyder","Dana Dimel",9
"77","Bill Snyder","Del Miller",11
"78","Bill Snyder","Greg Peterson",2
"79","Bill Snyder","Phil Bennett",2
"80","Bill Snyder","Ron Hudson",3
"81","Bill Snyder","Tom Hayes",6
"82","Bill Snyder","Vic Koenning",1
"83","Bill Stewart","Jeff Casteel",3
"84","Bill Stewart","Jeff Mullen",3
"85","Billy Napier","Michael Desormeaux",1
"86","Billy Napier","Patrick Toney",2
"87","Billy Napier","Rob Sale",3
"88","Billy Napier","Ron Roberts",2
"89","Billy Napier","Tim Leger",1
"90","Blake Anderson","Anthony Tucker",1
"91","Blake Anderson","Buster Faulkner",3
"92","Blake Anderson","David Duggan",1
"93","Blake Anderson","Ephraim Banda",1
"94","Blake Anderson","Glen Elarbee",2
"95","Blake Anderson","Joe Cauthen",5
"96","Blake Anderson","Keith Heckendorf",2
"97","Blake Anderson","Walt Bell",2
"98","Bo Pelini","Carl Pelini",4
"99","Bo Pelini","John Papuchis",3
"100","Bo Pelini","Shawn Watson",3
"101","Bo Pelini","Tim Beck",4
"102","Bob Davie","Bob DeBesse",6
"103","Bob Davie","Calvin Magee",1
"104","Bob Davie","Greg Mattison",2
"105","Bob Davie","Jeff Mills",2
"106","Bob Davie","Joe Dailey",1
"107","Bob Davie","Jordan Peterson",1
"108","Bob Davie","Kevin Cosgrove",5
"109","Bob Davie","Kevin Rogers",2
"110","Bob Diaco","Anthony Poindexter",3
"111","Bob Diaco","Frank Verducci",2
"112","Bob Diaco","Mike Cummings",3
"113","Bob Diaco","Vincent Brown",3
"114","Bob Pruett","Bill Wilt",3
"115","Bob Pruett","Ed Zaunbrecher",2
"116","Bob Pruett","Kevin Kelly",2
"117","Bob Pruett","Larry Kueck",1
"118","Bob Simmons","Del Miller",1
"119","Bob Simmons","Mike Cassity",1
"120","Bob Stoops","Bill Bedenbaugh",1
"121","Bob Stoops","Bo Pelini",1
"122","Bob Stoops","Brent Venables",12
"123","Bob Stoops","Chuck Long",4
"124","Bob Stoops","Jay Norvell",4
"125","Bob Stoops","Josh Heupel",4
"126","Bob Stoops","Kevin Wilson",9
"127","Bob Stoops","Lincoln Riley",2
"128","Bob Stoops","Mark Mangino",2
"129","Bob Stoops","Mike Stoops",9
"130","Bob Toledo","Al Borges",1
"131","Bob Toledo","Bobby Field",1
"132","Bob Toledo","Dan Dodd",4
"133","Bob Toledo","Gary Bernardi",1
"134","Bob Toledo","Greg Davis Jr.",1
"135","Bob Toledo","Kelly Skipper",2
"136","Bob Toledo","O'Neill Gilbert",1
"137","Bob Toledo","Phil Snow",2
"138","Bob Toledo","Steve Stanard",3
"139","Bob Toledo","Thom Kaumeyer",1
"140","Bobby Bowden","Jeff Bowden",6
"141","Bobby Bowden","Jimbo Fisher",3
"142","Bobby Bowden","Mark Richt",1
"143","Bobby Bowden","Mickey Andrews",8
"144","Bobby Hauck","Brent Myers",1
"145","Bobby Hauck","J.D. Williams",1
"146","Bobby Hauck","Kraig Paulson",2
"147","Bobby Hauck","Rob Phenicie",2
"148","Bobby Hauck","Tim Hauck",2
"149","Bobby Hauck","Timm Rosenbach",2
"150","Bobby Johnson","Bruce Fowler",8
"151","Bobby Johnson","Jamie Bryant",1
"152","Bobby Johnson","Ted Cain",8
"153","Bobby Keasler","Mike Collins",1
"154","Bobby Keasler","Roger Carr",1
"155","Bobby Keasler","Stan Humphries",1
"156","Bobby Keasler","Tommy Condell",1
"157","Bobby Petrino","Brian VanGorder",1
"158","Bobby Petrino","Chris Klenakis",1
"159","Bobby Petrino","Garrick McGee",4
"160","Bobby Petrino","Kevin Wolthausen",1
"161","Bobby Petrino","Lonnie Galloway",3
"162","Bobby Petrino","Mike Cassity",3
"163","Bobby Petrino","Mike Gillhamer",1
"164","Bobby Petrino","Mike Summers",2
"165","Bobby Petrino","Nick Holt",1
"166","Bobby Petrino","Paul Petrino",6
"167","Bobby Petrino","Peter Sirmon",1
"168","Bobby Petrino","Todd Grantham",3
"169","Bobby Petrino","Willy Robinson",4
"170","Bobby Ross","John Mumford",3
"171","Bobby Ross","Kevin Ross",3
"172","Bobby Wallace","Charlie Fisher",2
"173","Bobby Wallace","Dave Brock",3
"174","Bobby Wallace","Raymond Monica",6
"175","Bobby Wallace","Willie Slater",1
"176","Bobby Wilder","Brian Scott",6
"177","Bobby Wilder","David Blackwell",1
"178","Bobby Wilder","Grady Brown",1
"179","Bobby Wilder","Rich Nagy",5
"180","Bobby Wilder","Ron Whitcomb",1
"181","Bobby Williams","Bill Miller",3
"182","Bobby Williams","Morris Watts",2
"183","Brad Lambert","Chip West",1
"184","Brad Lambert","Glenn Spencer",1
"185","Brad Lambert","Jeff Mullen",3
"186","Brad Lambert","Matt Wallerstedt",3
"187","Brad Lambert","Shane Montgomery",1
"188","Brady Hoke","Al Borges",5
"189","Brady Hoke","Don Treadwell",1
"190","Brady Hoke","Doug Nussmeier",1
"191","Brady Hoke","Ed Stults",2
"192","Brady Hoke","Eddie Faulkner",1
"193","Brady Hoke","Greg Mattison",4
"194","Brady Hoke","Jeff Hecklinski",2
"195","Brady Hoke","Kurt Mattix",2
"196","Brady Hoke","Mark Smith",6
"197","Brady Hoke","Rocky Long",2
"198","Brady Hoke","Stan Parrish",3
"199","Brent Brennan","Andrew Sowder",1
"200","Brent Brennan","Derrick Odum",2
"201","Brent Brennan","Kevin McGiven",4
"202","Brent Guy","Darrell Dickey",2
"203","Brent Guy","Mark Johnson",4
"204","Brent Guy","Mike Santiago",2
"205","Bret Bielema","Charlie Partridge",2
"206","Bret Bielema","Chris Ash",3
"207","Bret Bielema","Dan Enos",3
"208","Bret Bielema","Dave Doeren",3
"209","Bret Bielema","Jim Chaney",2
"210","Bret Bielema","Matt Canada",1
"211","Bret Bielema","Mike Hankwitz",2
"212","Bret Bielema","Paul Chryst",6
"213","Bret Bielema","Paul Rhoads",1
"214","Bret Bielema","Robb Smith",3
"215","Bret Bielema","Ryan Walters",1
"216","Bret Bielema","Tony Petersen",1
"217","Brian Kelly","Bob Diaco",6
"218","Brian Kelly","Brian VanGorder",3
"219","Brian Kelly","Charley Molnar",2
"220","Brian Kelly","Chip Long",3
"221","Brian Kelly","Chuck Martin",2
"222","Brian Kelly","Clark Lea",3
"223","Brian Kelly","Jeff Quinn",3
"224","Brian Kelly","Joe Tresey",3
"225","Brian Kelly","John Jancek",1
"226","Brian Kelly","Kerry Cooks",2
"227","Brian Kelly","Marcus Freeman",1
"228","Brian Kelly","Mike Denbrock",1
"229","Brian Kelly","Mike Elko",1
"230","Brian Kelly","Mike Elston",1
"231","Brian Kelly","Mike Sanford Jr.",2
"232","Brian Kelly","Tommy Rees",2
"233","Brian Knorr","Greg Gregory",3
"234","Brian Knorr","Phil Earley",1
"235","Brian Knorr","Tim DeRuyter",3
"236","Brian Knorr","Tim Kish",1
"237","Brian Polian","Bill Teerlinck",4
"238","Brian Polian","Nick Rolovich",3
"239","Brian Polian","Scott Boone",3
"240","Brian Polian","Scottie Hazelton",1
"241","Brian Polian","Tim Cramsey",1
"242","Bronco Mendenhall","Brandon Doman",2
"243","Bronco Mendenhall","Jaime Hill",3
"244","Bronco Mendenhall","Kelly Poppinga",4
"245","Bronco Mendenhall","Nick Howell",9
"246","Bronco Mendenhall","Robert Anae",12
"247","Bruce Snyder","John Pettas",1
"248","Bruce Snyder","Phil Snow",1
"249","Bryan Harsin","Andy Avalos",3
"250","Bryan Harsin","Bush Hamdan",1
"251","Bryan Harsin","Derek Mason",1
"252","Bryan Harsin","Eliah Drinkwitz",2
"253","Bryan Harsin","Eric Kiesau",2
"254","Bryan Harsin","Jeff Schmedding",2
"255","Bryan Harsin","Marcel Yates",2
"256","Bryan Harsin","Mike Bobo",1
"257","Bryan Harsin","Mike Sanford Jr.",1
"258","Bryan Harsin","Scott Huff",1
"259","Bryan Harsin","Spencer Danielson",2
"260","Bryan Harsin","Zak Hill",4
"261","Buddy Teevens","A.J. Christoff",2
"262","Buddy Teevens","Bill Cubit",1
"263","Buddy Teevens","David Kelly",1
"264","Buddy Teevens","Mark Banker",1
"265","Buddy Teevens","Mike Sanford Sr.",1
"266","Buddy Teevens","Tom Williams",2
"267","Butch Davis","Andrew Breiner",1
"268","Butch Davis","Brent Guy",2
"269","Butch Davis","Chuck Pagano",1
"270","Butch Davis","Everett Withers",3
"271","Butch Davis","Greg Schiano",1
"272","Butch Davis","Jeff Copp",2
"273","Butch Davis","Jerod Kruse",2
"274","Butch Davis","John Shoop",4
"275","Butch Davis","Larry Coker",1
"276","Butch Davis","Rich Skrosky",4
"277","Butch Jones","Bob Shoop",2
"278","Butch Jones","John Jancek",6
"279","Butch Jones","Keith Heckendorf",1
"280","Butch Jones","Larry Scott",1
"281","Butch Jones","Mike Bajakian",8
"282","Butch Jones","Mike DeBord",2
"283","Butch Jones","Tim Banks",5
"284","Cam Cameron","Hal Hunter",2
"285","Cam Cameron","James Bell",2
"286","Carl Franks","Bob Trott",2
"287","Carl Franks","Jim Pry",1
"288","Carl Franks","Ted Roof",1
"289","Carl Pelini","Brian Wright",2
"290","Carl Pelini","Marvin Sanders",1
"291","Carl Pelini","Pete Rekstis",1
"292","Carl Torbush","Ken Browning",1
"293","Carl Torbush","Mike O'Cain",1
"294","Chad Lunsford","Bob DeBesse",3
"295","Chad Lunsford","Doug Ruse",1
"296","Chad Lunsford","Scot Sloan",4
"297","Chad Morris","Joe Craddock",5
"298","Chad Morris","John Chavis",2
"299","Chad Morris","Van Malone",3
"300","Chan Gailey","Bill O'Brien",1
"301","Chan Gailey","Buddy Geis",1
"302","Chan Gailey","John Bond",1
"303","Chan Gailey","Jon Tenuta",6
"304","Chan Gailey","Patrick Nix",4
"305","Charles Huff","Lance Guidry",1
"306","Charles Huff","Tim Cramsey",1
"307","Charley Molnar","John Bond",1
"308","Charley Molnar","Mike Kruczek",1
"309","Charley Molnar","Phil Elmassian",2
"310","Charlie Partridge","Brian Wright",2
"311","Charlie Partridge","Roc Bellantoni",3
"312","Charlie Partridge","Travis Trickett",1
"313","Charlie Strong","Brian Jean-Mary",3
"314","Charlie Strong","Jay Norvell",1
"315","Charlie Strong","Joe Wickline",2
"316","Charlie Strong","Kerwin Bell",1
"317","Charlie Strong","Mike Sanford Sr.",1
"318","Charlie Strong","Shawn Watson",2
"319","Charlie Strong","Sterlin Gilbert",3
"320","Charlie Strong","Vance Bedford",7
"321","Charlie Weatherbie","Bob Trott",2
"322","Charlie Weatherbie","Gene McKeehan",1
"323","Charlie Weatherbie","Kim Dameron",3
"324","Charlie Weatherbie","Manny Michel",1
"325","Charlie Weatherbie","Mark Hudspeth",1
"326","Charlie Weatherbie","Mike Vaught",1
"327","Charlie Weatherbie","Nate Kaczor",1
"328","Charlie Weatherbie","Phil Elmassian",1
"329","Charlie Weatherbie","Steve Farmer",2
"330","Charlie Weatherbie","Tim DeRuyter",1
"331","Charlie Weatherbie","Todd Berry",2
"332","Charlie Weatherbie","Tommy Condell",1
"333","Charlie Weatherbie","Troy Reffett",1
"334","Charlie Weis","Clint Bowen",1
"335","Charlie Weis","Corwin Brown",2
"336","Charlie Weis","Dave Campo",1
"337","Charlie Weis","John Reagan",1
"338","Charlie Weis","Jon Tenuta",1
"339","Charlie Weis","Michael Haywood",4
"340","Charlie Weis","Rick Minter",2
"341","Chip Kelly","Jerry Azzinaro",4
"342","Chip Kelly","Justin Frye",3
"343","Chip Kelly","Mark Helfrich",4
"344","Chip Kelly","Nick Aliotti",4
"345","Chip Lindsey","Brandon Hall",3
"346","Chip Lindsey","Luke Meadows",1
"347","Chip Lindsey","Ryan Pugh",2
"348","Chris Ash","Andy Buh",1
"349","Chris Ash","Bill Busch",1
"350","Chris Ash","Drew Mehringer",1
"351","Chris Ash","Jay Niemann",3
"352","Chris Ash","Jerry Kill",1
"353","Chris Ash","John McNulty",2
"354","Chris Ash","Noah Joseph",2
"355","Chris Ault","Andy Buh",2
"356","Chris Ault","Barry Sacks",3
"357","Chris Ault","Chris Klenakis",6
"358","Chris Ault","Dave Fipp",1
"359","Chris Ault","Ken Wilson",1
"360","Chris Ault","Mike Bradeson",1
"361","Chris Ault","Nick Rolovich",1
"362","Chris Ault","Nigel Burton",2
"363","Chris Ault","Tim DeRuyter",2
"364","Chris Creighton","Aaron Keen",3
"365","Chris Creighton","Brad McCaslin",2
"366","Chris Creighton","Kalen DeBoer",3
"367","Chris Creighton","Neal Neathery",5
"368","Chris Klieman","Courtney Messingham",3
"369","Chris Klieman","Joe Klanderman",2
"370","Chris Klieman","Scottie Hazelton",1
"371","Chris Petersen","Brent Pease",1
"372","Chris Petersen","Bryan Harsin",5
"373","Chris Petersen","Bush Hamdan",2
"374","Chris Petersen","Jimmy Lake",4
"375","Chris Petersen","Jonathan Smith",4
"376","Chris Petersen","Justin Wilcox",4
"377","Chris Petersen","Matt Lubick",2
"378","Chris Petersen","Pete Kwiatkowski",10
"379","Chris Petersen","Robert Prince",2
"380","Chris Scelfo","Eric Schumann",5
"381","Chris Scelfo","Frank Scelfo",7
"382","Chris Scelfo","Pete McGinnis",2
"383","Chris Tormey","Jeff Mills",4
"384","Chris Tormey","Phil Earley",4
"385","Chuck Amato","Buddy Green",2
"386","Chuck Amato","Marc Trestman",2
"387","Chuck Amato","Marty Galbraith",2
"388","Chuck Amato","Noel Mazzone",2
"389","Chuck Amato","Norm Chow",1
"390","Chuck Amato","Reggie Herring",1
"391","Chuck Amato","Steve Dunlap",2
"392","Chuck Long","Bob Elliott",2
"393","Chuck Long","Del Miller",3
"394","Chuck Martin","Eric Koehler",8
"395","Chuck Martin","George Barnett",6
"396","Chuck Martin","John Hauser",6
"397","Chuck Martin","Matt Pawlowski",4
"398","Chuck Martin","Spence Nowinsky",4
"399","Clark Lea","David Raih",1
"400","Clark Lea","Jesse Minter",1
"401","Clay Helton","Clancy Pendergast",4
"402","Clay Helton","Graham Harrell",3
"403","Clay Helton","Tee Martin",3
"404","Clay Helton","Todd Orlando",2
"405","Craig Bohl","Brent Vigen",4
"406","Craig Bohl","Jake Dickert",1
"407","Craig Bohl","Jay Sawvel",2
"408","Craig Bohl","Scottie Hazelton",2
"409","Craig Bohl","Steve Stanard",3
"410","Craig Bohl","Tim Polasek",1
"411","Craig Cirbus","Charlie Donner",1
"412","Craig Cirbus","Joe Reich",1
"413","Curtis Johnson","Eric Price",4
"414","Curtis Johnson","Jason Rollins",1
"415","Curtis Johnson","Jon Sumrall",3
"416","Curtis Johnson","Lionel Washington",4
"417","D.J. Durkin","Andy Buh",2
"418","D.J. Durkin","Jimmy Brumbaugh",1
"419","D.J. Durkin","Walt Bell",2
"420","Dabo Swinney","Billy Napier",2
"421","Dabo Swinney","Brent Venables",8
"422","Dabo Swinney","Chad Morris",4
"423","Dabo Swinney","Charlie Harbison",4
"424","Dabo Swinney","Jeff Scott",5
"425","Dabo Swinney","Kevin Steele",3
"426","Dabo Swinney","Marion Hobby",4
"427","Dabo Swinney","Tony Elliott",6
"428","Dan Enos","Joe Tumpkin",5
"429","Dan Enos","Mike Cummings",4
"430","Dan Enos","Morris Watts",1
"431","Dan Hawkins","Bob Gregory",1
"432","Dan Hawkins","Chris Petersen",5
"433","Dan Hawkins","Eric Kiesau",2
"434","Dan Hawkins","Mark Helfrich",3
"435","Dan Hawkins","Ron Collins",9
"436","Dan McCarney","Barney Cotton",2
"437","Dan McCarney","Chris Cosh",1
"438","Dan McCarney","Clint Bowen",1
"439","Dan McCarney","John Skladany",7
"440","Dan McCarney","Jon Skladany",3
"441","Dan McCarney","Mike Canales",5
"442","Dan McCarney","Steve Brickey",2
"443","Dan McCarney","Steve Loney",2
"444","Dan Mullen","Billy Gonzales",6
"445","Dan Mullen","Brian Johnson",1
"446","Dan Mullen","Carl Torbush",1
"447","Dan Mullen","Chris Wilson",4
"448","Dan Mullen","Geoff Collins",3
"449","Dan Mullen","John Hevesy",6
"450","Dan Mullen","Les Koenning",5
"451","Dan Mullen","Manny Diaz",2
"452","Dan Mullen","Peter Sirmon",1
"453","Dan Mullen","Todd Grantham",5
"454","Dana Dimel","Bradley Dale Peveto",3
"455","Dana Dimel","Clancy Barone",2
"456","Dana Dimel","Dave Warner",3
"457","Dana Dimel","Dick Bumpas",3
"458","Dana Dimel","Mark Stoops",1
"459","Dana Dimel","Mike Canales",3
"460","Dana Dimel","Mike Cox",3
"461","Dana Dimel","Phil Davis",1
"462","Dana Holgorsen","Brandon Jones",2
"463","Dana Holgorsen","Doug Belk",1
"464","Dana Holgorsen","Jake Spavital",2
"465","Dana Holgorsen","Jeff Casteel",1
"466","Dana Holgorsen","Joe Cauthen",2
"467","Dana Holgorsen","Joe DeForest",1
"468","Dana Holgorsen","Joe Wickline",1
"469","Dana Holgorsen","Keith Patterson",2
"470","Dana Holgorsen","Marquel Blackwell",1
"471","Dana Holgorsen","Shannon Dawson",4
"472","Dana Holgorsen","Tony Gibson",5
"473","Danny Gonzales","Derek Warehime",2
"474","Danny Gonzales","Rocky Long",2
"475","Danny Hope","Donn Landholm",2
"476","Danny Hope","Gary Emanuel",2
"477","Danny Hope","Gary Nord",4
"478","Danny Hope","Tim Tibesar",1
"479","Darrell Dickey","Fred Bleil",1
"480","Darrell Dickey","Gary DeLoach",3
"481","Darrell Dickey","Kenny Evans",3
"482","Darrell Dickey","Ramon Flanigan",5
"483","Darrell Hazell","Greg Hudson",3
"484","Darrell Hazell","John Shoop",3
"485","Darrell Hazell","Marcus Freeman",1
"486","Darrell Hazell","Ross Els",1
"487","Darrell Hazell","Terry Malone",1
"488","Dave Aranda","Jeff Grimes",1
"489","Dave Aranda","Larry Fedora",1
"490","Dave Aranda","Ron Roberts",2
"491","Dave Baldwin","Barry Sacks",1
"492","Dave Baldwin","Paul Arslanian",1
"493","Dave Baldwin","Steve Graf",1
"494","Dave Christensen","Chris Tormey",2
"495","Dave Christensen","Gregg Brandon",2
"496","Dave Christensen","Jim Harding",1
"497","Dave Christensen","Marcus Arroyo",2
"498","Dave Christensen","Marty English",3
"499","Dave Clawson","Jay Sawvel",2
"500","Dave Clawson","Lyle Hemphill",3
"501","Dave Clawson","Mike Elko",8
"502","Dave Clawson","Shannon Morrison",1
"503","Dave Clawson","Warren Ruggiero",13
"504","Dave Doeren","Dave Huxtable",7
"505","Dave Doeren","Des Kitchings",1
"506","Dave Doeren","Eliah Drinkwitz",3
"507","Dave Doeren","George McDonald",1
"508","Dave Doeren","Jay Niemann",2
"509","Dave Doeren","Matt Canada",4
"510","Dave Doeren","Rod Carey",1
"511","Dave Doeren","Ted Roof",1
"512","Dave Doeren","Tim Beck",2
"513","Dave Doeren","Tony Gibson",3
"514","Dave Wannstedt","Frank Cignetti Jr.",2
"515","Dave Wannstedt","Matt Cavanaugh",4
"516","Dave Wannstedt","Paul Rhoads",3
"517","Dave Wannstedt","Phil Bennett",3
"518","David Bailiff","Billy Lynch",4
"519","David Bailiff","Brian Stewart",1
"520","David Bailiff","Chris Thurmond",5
"521","David Bailiff","Chuck Driesbach",5
"522","David Bailiff","Craig Naivar",2
"523","David Bailiff","David Beaty",1
"524","David Bailiff","Ed Zaunbrecher",1
"525","David Bailiff","John Reagan",3
"526","David Bailiff","Larry Edmondson",3
"527","David Bailiff","Tom Herman",2
"528","David Beaty","Clint Bowen",4
"529","David Beaty","Doug Meacham",2
"530","David Beaty","Kenny Perry",3
"531","David Beaty","Rob Likens",2
"532","David Cutcliffe","Art Kaufman",1
"533","David Cutcliffe","Ben Albert",4
"534","David Cutcliffe","Chuck Driesbach",3
"535","David Cutcliffe","Don Lindsey",1
"536","David Cutcliffe","Jeff Faris",1
"537","David Cutcliffe","Jim Knowles",8
"538","David Cutcliffe","John Latina",5
"539","David Cutcliffe","Kurt Roper",5
"540","David Cutcliffe","Marion Hobby",3
"541","David Cutcliffe","Matt Guerrieri",4
"542","David Cutcliffe","Matt Luke",4
"543","David Cutcliffe","Mike MacIntyre",2
"544","David Cutcliffe","Re'quan Boyette",1
"545","David Cutcliffe","Scottie Montgomery",3
"546","David Cutcliffe","Zac Roper",5
"547","David Elson","Kevin Wright",1
"548","David Elson","Mike Dietzel",1
"549","David Elson","Walt Wells",1
"550","David Shaw","Derek Mason",3
"551","David Shaw","Jason Tarver",1
"552","David Shaw","Lance Anderson",8
"553","David Shaw","Mike Bloomgren",5
"554","David Shaw","Pep Hamilton",2
"555","David Shaw","Tavita Pritchard",4
"556","Dean Pees","Doug Martin",1
"557","Dean Pees","Greg Colby",2
"558","Dean Pees","Mike Dietzel",1
"559","Dean Pees","Mike Drake",4
"560","Dennis Erickson","Craig Bray",8
"561","Dennis Erickson","Noel Mazzone",2
"562","Dennis Erickson","Rich Olson",3
"563","Dennis Erickson","Tim Lappano",3
"564","Dennis Franchione","Carl Torbush",5
"565","Dennis Franchione","Craig Naivar",2
"566","Dennis Franchione","Gary Darnell",2
"567","Dennis Franchione","Gary Patterson",1
"568","Dennis Franchione","Jeff Conway",5
"569","Dennis Franchione","John Thompson",3
"570","Dennis Franchione","Les Koenning",8
"571","Derek Dooley","Frank Scelfo",3
"572","Derek Dooley","Jim Chaney",3
"573","Derek Dooley","Justin Wilcox",2
"574","Derek Dooley","Sal Sunseri",1
"575","Derek Dooley","Tommy Spangler",3
"576","Derek Mason","Andy Ludwig",4
"577","Derek Mason","David Kotulski",1
"578","Derek Mason","Gerry Gdowski",1
"579","Derek Mason","Jason Tarver",2
"580","Derek Mason","Karl Dorrell",1
"581","Derek Mason","Ted Roof",1
"582","DeWayne Walker","Dale Lindsey",1
"583","DeWayne Walker","David Elson",1
"584","DeWayne Walker","Doug Martin",1
"585","DeWayne Walker","Jerry McManus",1
"586","DeWayne Walker","Mike Dunbar",1
"587","DeWayne Walker","Timm Rosenbach",1
"588","Dick Tomey","Dave Fipp",3
"589","Dick Tomey","Dino Babers",1
"590","Dick Tomey","Duane Akina",1
"591","Dick Tomey","Keith Burns",3
"592","Dick Tomey","Ken Margerum",2
"593","Dick Tomey","Marcus Arroyo",2
"594","Dick Tomey","Rich Ellerson",1
"595","Dick Tomey","Steve Morton",3
"596","Dick Tomey","Tom Williams",2
"597","Dino Babers","Brian Ward",5
"598","Dino Babers","Kim McCloud",1
"599","Dino Babers","Matt Mattox",1
"600","Dino Babers","Mike Lynch",5
"601","Dino Babers","Sean Lewis",3
"602","Dino Babers","Sterlin Gilbert",3
"603","Dino Babers","Tony White",2
"604","Dirk Koetter","Bill Miller",2
"605","Dirk Koetter","Brent Guy",5
"606","Dirk Koetter","Roy Wittke",1
"607","Doc Holliday","Adam Fuller",1
"608","Doc Holliday","Bill Legg",8
"609","Doc Holliday","Brad Lambert",2
"610","Doc Holliday","Chris Rippon",3
"611","Doc Holliday","Chuck Heater",5
"612","Doc Holliday","Greg Adkins",1
"613","Doc Holliday","J.C. Price",2
"614","Doc Holliday","Tim Cramsey",3
"615","Doc Holliday","Todd Goebbel",1
"616","Don Nehlen","Bill Legg",1
"617","Don Nehlen","Steve Dunlap",1
"618","Don Strock","Bernard Clark",1
"619","Don Strock","Greg Briner",2
"620","Don Strock","Kevin Fouquier",1
"621","Don Treadwell","Jay Peterson",2
"622","Don Treadwell","John Klacik",3
"623","Don Treadwell","Pete Rekstis",1
"624","Doug Marrone","Nathaniel Hackett",2
"625","Doug Marrone","Rob Spence",1
"626","Doug Marrone","Scott Shafer",4
"627","Doug Martin","A.J. Pratt",1
"628","Doug Martin","David Elson",1
"629","Doug Martin","Frank Spaziani",6
"630","Doug Martin","Gregg Brandon",2
"631","Doug Martin","Larry Coyer",1
"632","Doug Martin","Pete Rekstis",1
"633","Doug Martin","Zane Vance",1
"634","Ed Orgeron","Bo Pelini",1
"635","Ed Orgeron","Dan Werner",2
"636","Ed Orgeron","Daronte Jones",1
"637","Ed Orgeron","Dave Aranda",3
"638","Ed Orgeron","Jake Peetz",1
"639","Ed Orgeron","John Thompson",1
"640","Ed Orgeron","Matt Canada",1
"641","Ed Orgeron","Noel Mazzone",1
"642","Ed Orgeron","Steve Ensminger",3
"643","Eliah Drinkwitz","Ryan Walters",1
"644","Eliah Drinkwitz","Steve Wilks",1
"645","Eliah Drinkwitz","Ted Roof",1
"646","Ellis Johnson","Steve Buckley",1
"647","Ellis Johnson","Tommy West",1
"648","Everett Withers","Adrian Mayes",2
"649","Everett Withers","Art Kaufman",1
"650","Everett Withers","Brett Elliott",2
"651","Everett Withers","John Shoop",1
"652","Fisher DeBerry","Chuck Petersen",7
"653","Fisher DeBerry","Richard Bell",7
"654","Fitz Hill","Barry Lunney Jr.",1
"655","Fitz Hill","Charlie Roche",3
"656","Fitz Hill","Chris Wilkerson",1
"657","Fitz Hill","Keith Burns",1
"658","Fitz Hill","Norman Joseph",2
"659","Fitz Hill","Ronnie Lee",2
"660","Frank Beamer","Bryan Stinespring",11
"661","Frank Beamer","Bud Foster",16
"662","Frank Beamer","Rickey Bustle",2
"663","Frank Beamer","Scot Loeffler",3
"664","Frank Solich","Barney Cotton",1
"665","Frank Solich","Bo Pelini",1
"666","Frank Solich","Craig Bohl",3
"667","Frank Solich","Gerry Gdowski",6
"668","Frank Solich","Jim Burrow",13
"669","Frank Solich","Pete Germano",2
"670","Frank Solich","Ron Collins",4
"671","Frank Solich","Scott Isphording",4
"672","Frank Solich","Tim Albin",15
"673","Frank Spaziani","Bill McGovern",4
"674","Frank Spaziani","Doug Martin",1
"675","Frank Spaziani","Gary Tranquill",2
"676","Frank Spaziani","Kevin Rogers",1
"677","Frank Wilson","Al Borges",1
"678","Frank Wilson","Frank Scelfo",2
"679","Frank Wilson","Jason Rollins",2
"680","Frank Wilson","Jeff Kastl",1
"681","Frank Wilson","Pete Golding",2
"682","Garrick McGee","Jeff Brohm",1
"683","Garrick McGee","Reggie Johnson",2
"684","Garrick McGee","Richard Owens",1
"685","Gary Andersen","Andy Ludwig",2
"686","Gary Andersen","Bill Busch",2
"687","Gary Andersen","Bodie Reeder",1
"688","Gary Andersen","Dave Aranda",3
"689","Gary Andersen","Dave Baldwin",4
"690","Gary Andersen","Frank Maile",1
"691","Gary Andersen","Justin Ena",1
"692","Gary Andersen","Kalani Sitake",1
"693","Gary Andersen","Kevin Clune",2
"694","Gary Andersen","Kevin McGiven",2
"695","Gary Andersen","Matt Wells",1
"696","Gary Andersen","Mike Sanford Jr.",1
"697","Gary Andersen","Stacy Collins",1
"698","Gary Andersen","T.J. Woods",1
"699","Gary Barnett","Mike Hankwitz",2
"700","Gary Barnett","Shawn Watson",6
"701","Gary Barnett","Tom McMahon",2
"702","Gary Barnett","Vince Okruch",4
"703","Gary Blackney","Tom Lichtenberg",1
"704","Gary Crowton","Bronco Mendenhall",2
"705","Gary Crowton","Ken Schmidt",2
"706","Gary Crowton","Mike Borich",2
"707","Gary Crowton","Robbie Bosco",1
"708","Gary Crowton","Todd Bradford",2
"709","Gary Darnell","Brian Rock",5
"710","Gary Darnell","Chuck Driesbach",1
"711","Gary Darnell","Dick Bumpas",1
"712","Gary Darnell","J.C. Harper",1
"713","Gary Darnell","Jim Knowles",2
"714","Gary Darnell","Mike Cummings",1
"715","Gary Nord","Bob Wagner",1
"716","Gary Nord","Larry Hoefer",1
"717","Gary Nord","Patrick Higgins",4
"718","Gary Nord","Troy Reffett",2
"719","Gary Patterson","Chad Glasgow",7
"720","Gary Patterson","Chuck Driesbach",1
"721","Gary Patterson","Curtis Luper",3
"722","Gary Patterson","David Bailiff",2
"723","Gary Patterson","DeMontie Cross",1
"724","Gary Patterson","Dick Bumpas",11
"725","Gary Patterson","Doug Meacham",4
"726","Gary Patterson","Jarrett Anderson",5
"727","Gary Patterson","Justin Fuente",3
"728","Gary Patterson","Mike Schultz",8
"729","Gary Patterson","Rusty Burns",2
"730","Gary Patterson","Sonny Cumbie",7
"731","Gary Pinkel","Barry Odom",1
"732","Gary Pinkel","Dave Christensen",8
"733","Gary Pinkel","Dave Steckel",6
"734","Gary Pinkel","David Yost",4
"735","Gary Pinkel","Josh Henson",3
"736","Gary Pinkel","Matt Eberflus",8
"737","Gene Chizik","Brian VanGorder",1
"738","Gene Chizik","Gus Malzahn",3
"739","Gene Chizik","Robert McFarland",2
"740","Gene Chizik","Scot Loeffler",1
"741","Gene Chizik","Ted Roof",3
"742","Gene Chizik","Wayne Bolt",2
"743","Geoff Collins","Andrew Thacker",4
"744","Geoff Collins","Dave Patenaude",5
"745","Geoff Collins","Nathan Burton",2
"746","Geoff Collins","Taver Johnson",1
"747","George O'Leary","Bill O'Brien",1
"748","George O'Leary","Brent Key",1
"749","George O'Leary","Charlie Taaffe",6
"750","George O'Leary","Chuck Bresnahan",1
"751","George O'Leary","Dave Huxtable",3
"752","George O'Leary","Jim Fleming",2
"753","George O'Leary","John Skladany",2
"754","George O'Leary","Lance Thompson",3
"755","George O'Leary","Ralph Friedgen",1
"756","George O'Leary","Ted Roof",2
"757","George O'Leary","Tim Salem",5
"758","George O'Leary","Tyson Summers",1
"759","George Welsh","Gary Tranquill",1
"760","George Welsh","Rick Lantz",1
"761","Gerry DiNardo","Al Borges",2
"762","Gerry DiNardo","Joe Cullen",1
"763","Gerry DiNardo","Steve Addazio",1
"764","Gerry DiNardo","Tim Kish",2
"765","Glen Mason","David Gibbs",1
"766","Glen Mason","David Lockwood",2
"767","Glen Mason","Greg Hudson",2
"768","Glen Mason","Mitch Browning",7
"769","Glen Mason","Moe Ankney",2
"770","Glen Mason","Tony Petersen",6
"771","Greg McMackin","Cal Lee",2
"772","Greg McMackin","Dave Aranda",2
"773","Greg McMackin","Nick Rolovich",2
"774","Greg McMackin","Ron Lee",2
"775","Greg Robinson","Brian Pariani",1
"776","Greg Robinson","Brian White",2
"777","Greg Robinson","Derrick Jackson",1
"778","Greg Robinson","Mitch Browning",2
"779","Greg Robinson","Steve Russ",1
"780","Greg Schiano","Bill Cubit",2
"781","Greg Schiano","Bob Fraser",3
"782","Greg Schiano","Craig Ver Steeg",4
"783","Greg Schiano","Ed Pinkham",2
"784","Greg Schiano","Frank Cignetti Jr.",1
"785","Greg Schiano","John McNulty",2
"786","Greg Schiano","Kirk Ciarrocca",2
"787","Greg Schiano","Paul Ferraro",4
"788","Greg Schiano","Robb Smith",2
"789","Greg Schiano","Sean Gleeson",2
"790","Gregg Brandon","Greg Studrawa",3
"791","Gregg Brandon","John Lovett",2
"792","Gregg Brandon","Mick McCall",1
"793","Gregg Brandon","Mike Ward",2
"794","Gus Malzahn","Chad Morris",1
"795","Gus Malzahn","Charlie Harbison",1
"796","Gus Malzahn","Chip Lindsey",2
"797","Gus Malzahn","Dameyune Craig",3
"798","Gus Malzahn","David Gibbs",1
"799","Gus Malzahn","Ellis Johnson",2
"800","Gus Malzahn","G.J. Kinne",1
"801","Gus Malzahn","John Thompson",1
"802","Gus Malzahn","Kenny Dillingham",1
"803","Gus Malzahn","Kevin Steele",5
"804","Gus Malzahn","Kodi Burns",3
"805","Gus Malzahn","Rhett Lashlee",5
"806","Gus Malzahn","Tim Harris Jr.",1
"807","Gus Malzahn","Travis Williams",1
"808","Gus Malzahn","Will Muschamp",1
"809","Guy Morriss","Bill Bradley",3
"810","Guy Morriss","Brent Pease",5
"811","Guy Morriss","John Goodner",2
"812","Guy Morriss","Larry Hoefer",1
"813","Guy Morriss","Lee Hays",2
"814","Hal Mumme","Gary Goff",2
"815","Hal Mumme","Joe Lee Dunn",1
"816","Hal Mumme","Matt Mumme",4
"817","Hal Mumme","Mike Major",1
"818","Hal Mumme","Tony Franklin",1
"819","Hal Mumme","Woody Widenhofer",3
"820","Herm Edwards","Danny Gonzales",1
"821","Herm Edwards","Marvin Lewis",1
"822","Herm Edwards","Rob Likens",2
"823","Herm Edwards","Zak Hill",2
"824","Houston Nutt","Bobby Allen",1
"825","Houston Nutt","Dave Wommack",3
"826","Houston Nutt","David Lee",2
"827","Houston Nutt","David Rader",1
"828","Houston Nutt","Gus Malzahn",1
"829","Houston Nutt","John Thompson",2
"830","Houston Nutt","Kent Austin",2
"831","Houston Nutt","Mike Markuson",1
"832","Houston Nutt","Reggie Herring",3
"833","Houston Nutt","Tyrone Nix",4
"834","Howard Schnellenberger","Darryl Jackson",3
"835","Howard Schnellenberger","Gary Nord",4
"836","Howard Schnellenberger","Kirk Hoza",5
"837","Howard Schnellenberger","Kurt Van Valkenburgh",1
"838","Hugh Freeze","Dan Werner",5
"839","Hugh Freeze","Dave Wommack",6
"840","Hugh Freeze","Jason Jones",4
"841","Hugh Freeze","Kent Austin",3
"842","Hugh Freeze","Matt Luke",5
"843","Hugh Freeze","Maurice Harris",3
"844","Hugh Freeze","Scott Symons",3
"845","Hugh Freeze","Wesley McGriff",1
"846","J.D. Brookhart","Jim Fleming",6
"847","J.D. Brookhart","Jim Pry",2
"848","J.D. Brookhart","Joe Moorhead",3
"849","J.D. Brookhart","Shane Montgomery",1
"850","Jack Bicknell Jr.","Conroy Hines",6
"851","Jack Bicknell Jr.","George Darlington",1
"852","Jack Bicknell Jr.","Randy Bates",2
"853","Jack Bicknell Jr.","Rick Smith",1
"854","Jack Bicknell Jr.","Rob Spence",1
"855","Jack Bicknell Jr.","Tim Rose",1
"856","Jack Bicknell Jr.","Tom Masella",1
"857","Jackie Sherrill","Joe Lee Dunn",3
"858","Jackie Sherrill","Morris Watts",1
"859","Jackie Sherrill","Ron Cooper",1
"860","Jackie Sherrill","Sparky Woods",3
"861","Jake Spavital","Archie McDaniel",1
"862","Jake Spavital","Jacob Peeler",2
"863","Jake Spavital","Zac Spavital",2
"864","James Franklin","Anthony Poindexter",1
"865","James Franklin","Bob Shoop",5
"866","James Franklin","Brent Pry",9
"867","James Franklin","Joe Moorhead",2
"868","James Franklin","John Donovan",5
"869","James Franklin","Kirk Ciarrocca",1
"870","James Franklin","Mike Yurcich",1
"871","James Franklin","Ricky Rahne",2
"872","James Franklin","Tim Banks",5
"873","James Franklin","Tyler Bowen",2
"874","Jamey Chadwell","Chad Staggs",3
"875","Jamey Chadwell","Newland Isaac",3
"876","Jamey Chadwell","Willy Korn",3
"877","Jason Candle","Brian George",4
"878","Jason Candle","Brian Wright",4
"879","Jason Candle","Mike Hallett",2
"880","Jason Candle","Robert Weiner",2
"881","Jason Candle","Vince Kehres",2
"882","Jay Hopson","Buster Faulkner",1
"883","Jay Hopson","Derek Nicholson",2
"884","Jay Hopson","Matt Kubik",1
"885","Jay Hopson","Scotty Walden",2
"886","Jay Hopson","Shannon Dawson",3
"887","Jay Hopson","Tony Pecoraro",3
"888","Jay Norvell","Brian Ward",2
"889","Jay Norvell","Jeff Casteel",3
"890","Jay Norvell","Matt Mumme",5
"891","Jedd Fisch","Brennan Carroll",1
"892","Jedd Fisch","Don Brown",1
"893","Jeff Bower","Chris Klenakis",3
"894","Jeff Bower","Dave Wommack",1
"895","Jeff Bower","Jay Hopson",3
"896","Jeff Bower","Jay Johnson",3
"897","Jeff Bower","Rip Scherer",2
"898","Jeff Bower","Tyrone Nix",4
"899","Jeff Brohm","Anthony Poindexter",4
"900","Jeff Brohm","Bob Diaco",1
"901","Jeff Brohm","Brad Lambert",1
"902","Jeff Brohm","Brian Brohm",6
"903","Jeff Brohm","JaMarcus Shephard",4
"904","Jeff Brohm","Mark Hagen",1
"905","Jeff Brohm","Nick Holt",6
"906","Jeff Brohm","Ron English",1
"907","Jeff Brohm","Tyson Helton",2
"908","Jeff Genyk","Howard Feggins",3
"909","Jeff Genyk","Jay Peterson",5
"910","Jeff Genyk","Scott Isphording",2
"911","Jeff Hafley","Frank Cignetti Jr.",2
"912","Jeff Hafley","Tem Lukabu",2
"913","Jeff Jagodzinski","Frank Spaziani",2
"914","Jeff Jagodzinski","Steve Logan",2
"915","Jeff Monken","Brent Davis",8
"916","Jeff Monken","Greg Gasparato",1
"917","Jeff Monken","Jay Bateman",5
"918","Jeff Monken","John Loose",1
"919","Jeff Monken","Nate Woody",2
"920","Jeff Monken","Shiel Wood",1
"921","Jeff Quinn","Alex Wood",4
"922","Jeff Quinn","Greg Forest",1
"923","Jeff Quinn","Lou Tepper",3
"924","Jeff Quinn","William Inge",2
"925","Jeff Scott","Charlie Weis Jr.",2
"926","Jeff Scott","Glenn Spencer",2
"927","Jeff Tedford","Andy Ludwig",2
"928","Jeff Tedford","Bert Watts",2
"929","Jeff Tedford","Bob Gregory",8
"930","Jeff Tedford","Clancy Pendergast",3
"931","Jeff Tedford","Frank Cignetti Jr.",1
"932","Jeff Tedford","George Cortez",4
"933","Jeff Tedford","Jim Michalczik",3
"934","Jeff Tedford","Mike Dunbar",1
"935","Jeff Tedford","Orlondo Steinauer",1
"936","Jeff Traylor","Jess Loepp",1
"937","Jeff Traylor","Rod Wright",1
"938","Jeff Traylor","Tyrone Nix",1
"939","Jeff Woodruff","Billy Harris",3
"940","Jeff Woodruff","Pete Alamar",3
"941","Jeff Woodruff","Tim Rose",1
"942","Jeff Woodruff","Tim Salem",1
"943","Jeremy Pruitt","Chris Rumph",1
"944","Jeremy Pruitt","Derrick Ansley",2
"945","Jeremy Pruitt","Jim Chaney",2
"946","Jeremy Pruitt","Kevin Sherrer",1
"947","Jeremy Pruitt","Tyson Helton",1
"948","Jerry Baldwin","Larry Edmondson",2
"949","Jerry Baldwin","Tony Tademy",2
"950","Jerry Kill","Matt Limegrover",8
"951","Jerry Kill","Tracy Claeys",8
"952","Jim Caldwell","Eddie Williamson",1
"953","Jim Caldwell","Theo Lemon",1
"954","Jim Caldwell","Tony Pierce",1
"955","Jim Donnan","Gary Gibbs",1
"956","Jim Grobe","Brad Lambert",3
"957","Jim Grobe","Brian Knorr",4
"958","Jim Grobe","Dean Hood",7
"959","Jim Grobe","Kendal Briles",1
"960","Jim Grobe","Phil Bennett",1
"961","Jim Grobe","Steed Lobotzke",11
"962","Jim Grobe","Tim Billings",1
"963","Jim Grobe","Troy Calhoun",3
"964","Jim Harbaugh","Andy Buh",2
"965","Jim Harbaugh","D.J. Durkin",1
"966","Jim Harbaugh","David Shaw",4
"967","Jim Harbaugh","Don Brown",5
"968","Jim Harbaugh","Josh Gattis",3
"969","Jim Harbaugh","Mike Macdonald",1
"970","Jim Harbaugh","Ron Lynn",2
"971","Jim Harbaugh","Sherrone Moore",1
"972","Jim Harbaugh","Tim Drevno",3
"973","Jim Harbaugh","Vic Fangio",1
"974","Jim Hofher","Bill Lazor",2
"975","Jim Hofher","Roy Istvan",2
"976","Jim Hofher","Thurmond Moore",3
"977","Jim Hofher","Tom Jones",2
"978","Jim L. Mora","Jeff Ulbrich",1
"979","Jim L. Mora","Kennedy Polamalu",1
"980","Jim L. Mora","Lou Spanos",2
"981","Jim L. Mora","Noel Mazzone",4
"982","Jim L. Mora","Tom Bradley",3
"983","Jim Leavitt","David Blackwell",1
"984","Jim Leavitt","Greg Gregory",2
"985","Jim Leavitt","Joe Tresey",1
"986","Jim Leavitt","Mike Canales",1
"987","Jim Leavitt","Mike Hobbie",4
"988","Jim Leavitt","Rod Smith",1
"989","Jim Leavitt","Wally Burnham",6
"990","Jim McElwain","Al Simmons",3
"991","Jim McElwain","Charlie Frye",2
"992","Jim McElwain","Chris Rumph",1
"993","Jim McElwain","Dave Baldwin",3
"994","Jim McElwain","Doug Nussmeier",3
"995","Jim McElwain","Geoff Collins",2
"996","Jim McElwain","Kevin Barbay",1
"997","Jim McElwain","Marty English",3
"998","Jim McElwain","Randy Shannon",3
"999","Jim McElwain","Robb Akey",3
"1000","Jim Tressel","Jim Bollman",7
"1001","Jim Tressel","Jim Heacock",6
"1002","Jim Tressel","Luke Fickell",6
"1003","Jim Tressel","Mark Dantonio",3
"1004","Jim Tressel","Mark Snyder",1
"1005","Jim Tressel","Mel Tucker",1
"1006","Jimbo Fisher","Charles Kelly",4
"1007","Jimbo Fisher","Darrell Dickey",4
"1008","Jimbo Fisher","James Coley",3
"1009","Jimbo Fisher","Jay Graham",1
"1010","Jimbo Fisher","Jeremy Pruitt",1
"1011","Jimbo Fisher","Lawrence Dawsey",4
"1012","Jimbo Fisher","Mark Stoops",3
"1013","Jimbo Fisher","Mike Elko",4
"1014","Jimbo Fisher","Randy Sanders",4
"1015","Jimmy Lake","Bob Gregory",1
"1016","Jimmy Lake","Ikaika Malloe",2
"1017","Jimmy Lake","John Donovan",2
"1018","Jimmy Lake","Pete Kwiatkowski",1
"1019","Joe Glenn","Bob Cockhill",5
"1020","Joe Glenn","Bob Cole",1
"1021","Joe Glenn","Mike Breske",5
"1022","Joe Hollis","Leon Burtnett",2
"1023","Joe Hollis","Phil Davis",1
"1024","Joe Hollis","Randy Fichtner",1
"1025","Joe Moglia","Jamey Chadwell",1
"1026","Joe Moglia","Marvin Sanders",1
"1027","Joe Moglia","Mickey Matthews",1
"1028","Joe Moorhead","Bob Shoop",2
"1029","Joe Moorhead","Luke Getsy",1
"1030","Joe Novak","Dan Roushar",3
"1031","Joe Novak","Denny Doornbos",4
"1032","Joe Novak","John Bond",3
"1033","Joe Novak","Matt Canada",1
"1034","Joe Novak","Roy Wittke",1
"1035","Joe Novak","Scott Shafer",4
"1036","Joe Paterno","Fran Ganter",4
"1037","Joe Paterno","Galen Hall",8
"1038","Joe Paterno","Tom Bradley",12
"1039","Joe Tiller","Bill Legg",2
"1040","Joe Tiller","Brock Spack",9
"1041","Joe Tiller","Ed Zaunbrecher",3
"1042","Joe Tiller","Jim Chaney",6
"1043","Joey Jones","Bill Clark",1
"1044","Joey Jones","Brian Turner",1
"1045","Joey Jones","Bryant Vincent",3
"1046","Joey Jones","Kane Wommack",2
"1047","Joey Jones","Kevin Sherrer",1
"1048","Joey Jones","Richard Owens",1
"1049","Joey Jones","Robert Matthews",3
"1050","Joey Jones","Travis Pearson",2
"1051","John Bonamego","Chris Ostrowsky",2
"1052","John Bonamego","Greg Colby",4
"1053","John Bonamego","Morris Watts",2
"1054","John Bunting","Dave Huxtable",2
"1055","John Bunting","Frank Cignetti Jr.",1
"1056","John Bunting","Gary Tranquill",5
"1057","John Bunting","John Gutekunst",1
"1058","John Bunting","Jon Tenuta",1
"1059","John Bunting","Marvin Sanders",3
"1060","John Cooper","Chuck Stobart",1
"1061","John Cooper","Jon Tenuta",1
"1062","John L. Smith","Chris Smeland",7
"1063","John L. Smith","Dave Baldwin",4
"1064","John L. Smith","John Pettas",1
"1065","John L. Smith","Paul Haynes",1
"1066","John L. Smith","Paul Petrino",1
"1067","John L. Smith","Scott Linehan",2
"1068","John Mackovic","Larry Mac Duff",2
"1069","John Mackovic","Mike Deal",1
"1070","John Mackovic","Rick Dykes",2
"1071","John Robinson","Bruce Snyder",1
"1072","John Robinson","Mike Bradeson",5
"1073","John Robinson","Rob Boras",3
"1074","John Robinson","Vince Alcalde",1
"1075","John Thompson","Noah Brindise",1
"1076","John Thompson","Rick Stockstill",1
"1077","Joker Phillips","Randy Sanders",3
"1078","Joker Phillips","Rick Minter",2
"1079","Joker Phillips","Steve Brown",2
"1080","Jon Embree","Eric Bieniemy",2
"1081","Jon Embree","Greg Brown",2
"1082","Jonathan Smith","Brian Lindgren",4
"1083","Jonathan Smith","Tim Tibesar",4
"1084","Josh Heupel","Alex Golesh",2
"1085","Josh Heupel","Anthony Tucker",1
"1086","Josh Heupel","Jeff Lebby",2
"1087","Josh Heupel","Randy Shannon",3
"1088","Josh Heupel","Tim Banks",1
"1089","June Jones","Dan Morrison",5
"1090","June Jones","George Lumpkin",1
"1091","June Jones","Hal Mumme",1
"1092","June Jones","Jason Phillips",3
"1093","June Jones","Jerry Glanville",3
"1094","June Jones","Kevin Lempa",3
"1095","June Jones","Tom Mason",7
"1096","Justin Fuente","Barry Odom",3
"1097","Justin Fuente","Brad Cornelsen",7
"1098","Justin Fuente","Darrell Dickey",4
"1099","Justin Fuente","Galen Scott",1
"1100","Justin Fuente","Justin Hamilton",2
"1101","Justin Wilcox","Beau Baldwin",3
"1102","Justin Wilcox","Bill Musgrave",2
"1103","Justin Wilcox","Peter Sirmon",2
"1104","Justin Wilcox","Tim DeRuyter",3
"1105","Kalani Sitake","Aaron Roderick",1
"1106","Kalani Sitake","Ilaisa Tuiaki",6
"1107","Kalani Sitake","Jeff Grimes",3
"1108","Kalani Sitake","Ty Detmer",2
"1109","Kalen DeBoer","William Inge",2
"1110","Kane Wommack","Corey Batoon",1
"1111","Kane Wommack","Major Applewhite",1
"1112","Karl Dorrell","Chris Wilson",1
"1113","Karl Dorrell","Darrin Chiaverini",2
"1114","Karl Dorrell","DeWayne Walker",2
"1115","Karl Dorrell","Jay Norvell",1
"1116","Karl Dorrell","Jim Svoboda",1
"1117","Karl Dorrell","Larry Kerr",3
"1118","Karl Dorrell","Steve Axman",1
"1119","Karl Dorrell","Tom Cable",2
"1120","Karl Dorrell","Tyson Summers",1
"1121","Keith Burns","Dan Lounsbury",1
"1122","Keith Burns","Jeff McInerney",3
"1123","Keith Burns","Jim Gilstrap",2
"1124","Keith Gilbertson","John Pettas",2
"1125","Keith Gilbertson","Phil Snow",2
"1126","Keith Gilbertson","Tim Hundley",1
"1127","Ken Hatfield","David Lee",1
"1128","Ken Hatfield","Roger Hinshaw",6
"1129","Ken Hatfield","Scott Wachenheim",6
"1130","Ken Niumatalolo","Brian Newberry",3
"1131","Ken Niumatalolo","Brian Norwood",1
"1132","Ken Niumatalolo","Buddy Green",8
"1133","Ken Niumatalolo","Dale Pehrson",3
"1134","Ken Niumatalolo","Ivin Jasper",14
"1135","Kevin Steele","Bob Trott",1
"1136","Kevin Steele","Brick Haley",2
"1137","Kevin Steele","Dave Baldwin",1
"1138","Kevin Steele","Greg Meyer",2
"1139","Kevin Sumlin","Brian Stewart",2
"1140","Kevin Sumlin","Clarence McKinney",1
"1141","Kevin Sumlin","Dana Holgorsen",2
"1142","Kevin Sumlin","Jake Spavital",3
"1143","Kevin Sumlin","Jason Phillips",4
"1144","Kevin Sumlin","John Chavis",3
"1145","Kevin Sumlin","John Skladany",2
"1146","Kevin Sumlin","Kliff Kingsbury",3
"1147","Kevin Sumlin","Marcel Yates",4
"1148","Kevin Sumlin","Mark Snyder",3
"1149","Kevin Sumlin","Noel Mazzone",5
"1150","Kevin Sumlin","Paul Rhoads",1
"1151","Kevin Wilson","Brian Knorr",2
"1152","Kevin Wilson","Doug Mallory",3
"1153","Kevin Wilson","Greg Frey",3
"1154","Kevin Wilson","Kevin Johns",6
"1155","Kevin Wilson","Mike Ekeler",2
"1156","Kevin Wilson","Rod Smith",1
"1157","Kevin Wilson","Seth Littrell",2
"1158","Kevin Wilson","William Inge",3
"1159","Kirby Smart","Dan Lanning",3
"1160","Kirby Smart","Glenn Schumann",3
"1161","Kirby Smart","James Coley",2
"1162","Kirby Smart","Jim Chaney",3
"1163","Kirby Smart","Mel Tucker",3
"1164","Kirby Smart","Todd Monken",2
"1165","Kirk Ferentz","Brian Ferentz",5
"1166","Kirk Ferentz","Greg Davis",5
"1167","Kirk Ferentz","Ken O'Keefe",12
"1168","Kirk Ferentz","Norm Parker",12
"1169","Kirk Ferentz","Phil Parker",10
"1170","Kliff Kingsbury","Clay McGuire",1
"1171","Kliff Kingsbury","David Gibbs",4
"1172","Kliff Kingsbury","Eric Morris",5
"1173","Kliff Kingsbury","Kevin Johns",1
"1174","Kliff Kingsbury","Matt Wallerstedt",2
"1175","Kliff Kingsbury","Mike Smith",3
"1176","Kliff Kingsbury","Sonny Cumbie",1
"1177","Kyle Flood","Ben McDaniels",1
"1178","Kyle Flood","Dave Brock",1
"1179","Kyle Flood","Dave Cohen",1
"1180","Kyle Flood","Joe Rossi",2
"1181","Kyle Flood","Ralph Friedgen",1
"1182","Kyle Flood","Robb Smith",1
"1183","Kyle Flood","Ron Prince",1
"1184","Kyle Whittingham","Aaron Roderick",3
"1185","Kyle Whittingham","Andy Ludwig",7
"1186","Kyle Whittingham","Brian Johnson",2
"1187","Kyle Whittingham","Dave Christensen",1
"1188","Kyle Whittingham","Dave Schramm",2
"1189","Kyle Whittingham","Dennis Erickson",1
"1190","Kyle Whittingham","Gary Andersen",4
"1191","Kyle Whittingham","Jim Harding",2
"1192","Kyle Whittingham","John Pease",1
"1193","Kyle Whittingham","Kalani Sitake",6
"1194","Kyle Whittingham","Morgan Scalley",6
"1195","Kyle Whittingham","Norm Chow",1
"1196","Kyle Whittingham","Troy Taylor",2
"1197","Lance Leipold","Andy Kotelnicki",7
"1198","Lance Leipold","Brian Borland",7
"1199","Lance Leipold","Chris Simpson",1
"1200","Lane Kiffin","Charlie Weis Jr.",2
"1201","Lane Kiffin","Chris Kiffin",1
"1202","Lane Kiffin","Chris Partridge",2
"1203","Lane Kiffin","Clancy Pendergast",1
"1204","Lane Kiffin","Clay Helton",1
"1205","Lane Kiffin","D.J. Durkin",2
"1206","Lane Kiffin","Ed Orgeron",1
"1207","Lane Kiffin","Glenn Spencer",1
"1208","Lane Kiffin","Jeff Lebby",2
"1209","Lane Kiffin","Jim Chaney",1
"1210","Lane Kiffin","Kendal Briles",1
"1211","Lane Kiffin","Kennedy Polamalu",3
"1212","Lane Kiffin","Monte Kiffin",1
"1213","Lane Kiffin","Tony Pecoraro",1
"1214","Larry Blakeney","Jeremy Rowell",8
"1215","Larry Blakeney","John Shannon",2
"1216","Larry Blakeney","Kenny Edenfield",5
"1217","Larry Blakeney","Mark Fleetwood",3
"1218","Larry Blakeney","Mike Pelton",1
"1219","Larry Blakeney","Neal Brown",2
"1220","Larry Blakeney","Ricky Logo",1
"1221","Larry Blakeney","Tony Franklin",2
"1222","Larry Blakeney","Vic Koenning",2
"1223","Larry Blakeney","Wayne Bolt",4
"1224","Larry Coker","Dan Werner",2
"1225","Larry Coker","Kevin Brown",4
"1226","Larry Coker","Neal Neathery",5
"1227","Larry Coker","Randy Shannon",6
"1228","Larry Coker","Rich Olson",1
"1229","Larry Coker","Rob Chudzinski",3
"1230","Larry Coker","Travis Bush",1
"1231","Larry Fedora","Blake Anderson",4
"1232","Larry Fedora","Chris Kapilovic",5
"1233","Larry Fedora","Dan Disch",4
"1234","Larry Fedora","David Duggan",1
"1235","Larry Fedora","Gene Chizik",2
"1236","Larry Fedora","Gunter Brewer",4
"1237","Larry Fedora","John Papuchis",2
"1238","Larry Fedora","Ron West",1
"1239","Larry Fedora","Todd Bradford",3
"1240","Larry Porter","Blake Miller",1
"1241","Larry Porter","Eric Price",2
"1242","Larry Porter","Jay Hopson",2
"1243","Larry Smith","Andy Hill",1
"1244","Larry Smith","Bill Cubit",1
"1245","Larry Smith","Moe Ankney",1
"1246","LaVell Edwards","Lance Reynolds",1
"1247","LaVell Edwards","Roger French",1
"1248","Lee Owens","Joe Palmisano",1
"1249","Lee Owens","Joe Tresey",2
"1250","Lee Owens","Paul Winters",4
"1251","Les Miles","Bill Clay",4
"1252","Les Miles","Bo Pelini",3
"1253","Les Miles","Bradley Dale Peveto",1
"1254","Les Miles","Brent Dearmon",1
"1255","Les Miles","Cam Cameron",4
"1256","Les Miles","D.J. Eliot",2
"1257","Les Miles","Dave Aranda",1
"1258","Les Miles","Doug Mallory",1
"1259","Les Miles","Gary Crowton",4
"1260","Les Miles","Greg Studrawa",2
"1261","Les Miles","Jimbo Fisher",2
"1262","Les Miles","John Chavis",6
"1263","Les Miles","Kevin Steele",1
"1264","Les Miles","Les Koenning",1
"1265","Les Miles","Mike Gundy",4
"1266","Les Miles","Steve Ensminger",1
"1267","Lincoln Riley","Alex Grinch",3
"1268","Lincoln Riley","Bill Bedenbaugh",5
"1269","Lincoln Riley","Cale Gundy",5
"1270","Lincoln Riley","Mike Stoops",2
"1271","Lloyd Carr","Jim Herrmann",6
"1272","Lloyd Carr","Mike DeBord",2
"1273","Lloyd Carr","Ron English",2
"1274","Lloyd Carr","Stan Parrish",2
"1275","Lloyd Carr","Terry Malone",4
"1276","Lou Holtz","Charlie Strong",2
"1277","Lou Holtz","Skip Holtz",2
"1278","Lovie Smith","Garrick McGee",2
"1279","Lovie Smith","Hardy Nickerson",3
"1280","Lovie Smith","Rod Smith",3
"1281","Luke Fickell","Jim Bollman",1
"1282","Luke Fickell","Jim Heacock",1
"1283","Luke Fickell","Marcus Freeman",4
"1284","Luke Fickell","Mike Denbrock",5
"1285","Luke Fickell","Mike Tressel",1
"1286","Mack Brown","Bryan Harsin",2
"1287","Mack Brown","Carl Reese",4
"1288","Mack Brown","Darrell Wyatt",1
"1289","Mack Brown","Duane Akina",4
"1290","Mack Brown","Gene Chizik",2
"1291","Mack Brown","Greg Davis",11
"1292","Mack Brown","Greg Robinson",1
"1293","Mack Brown","Jay Bateman",3
"1294","Mack Brown","Larry Mac Duff",1
"1295","Mack Brown","Major Applewhite",3
"1296","Mack Brown","Manny Diaz",3
"1297","Mack Brown","Phil Longo",3
"1298","Mack Brown","Tommy Thigpen",3
"1299","Mack Brown","Will Muschamp",3
"1300","Major Applewhite","Brian Johnson",1
"1301","Major Applewhite","Clay Jennings",1
"1302","Major Applewhite","Kendal Briles",1
"1303","Major Applewhite","Mark D'Onofrio",2
"1304","Manny Diaz","Blake Baker",2
"1305","Manny Diaz","Dan Enos",1
"1306","Manny Diaz","Ephraim Banda",2
"1307","Manny Diaz","Rhett Lashlee",2
"1308","Marcus Arroyo","Glenn Thomas",1
"1309","Marcus Arroyo","Peter Hansen",2
"1310","Mario Cristobal","Andy Avalos",2
"1311","Mario Cristobal","Bill Legg",2
"1312","Mario Cristobal","Geoff Collins",1
"1313","Mario Cristobal","James Coley",1
"1314","Mario Cristobal","Jim Leavitt",1
"1315","Mario Cristobal","Joe Moorhead",2
"1316","Mario Cristobal","Joe Salave'a",2
"1317","Mario Cristobal","Keith Heyward",3
"1318","Mario Cristobal","Ken Wilson",1
"1319","Mario Cristobal","Marcus Arroyo",2
"1320","Mario Cristobal","Phil Galiano",3
"1321","Mario Cristobal","Scott Satterfield",2
"1322","Mario Cristobal","Tim Cramsey",1
"1323","Mario Cristobal","Tim DeRuyter",1
"1324","Mario Cristobal","Todd Orlando",2
"1325","Mark Dantonio","Brad Salem",1
"1326","Mark Dantonio","Dan Roushar",2
"1327","Mark Dantonio","Dave Warner",6
"1328","Mark Dantonio","Don Treadwell",7
"1329","Mark Dantonio","Harlon Barnett",3
"1330","Mark Dantonio","Jim Bollman",6
"1331","Mark Dantonio","Mike Tressel",5
"1332","Mark Dantonio","Pat Narduzzi",11
"1333","Mark Helfrich","Brady Hoke",1
"1334","Mark Helfrich","Don Pellum",2
"1335","Mark Helfrich","Matt Lubick",1
"1336","Mark Helfrich","Nick Aliotti",1
"1337","Mark Helfrich","Scott Frost",3
"1338","Mark Hudspeth","Charlie Harbison",3
"1339","Mark Hudspeth","Greg Stewart",2
"1340","Mark Hudspeth","James Willis",2
"1341","Mark Hudspeth","Jay Johnson",5
"1342","Mark Hudspeth","Jorge Munoz",1
"1343","Mark Hudspeth","Melvin Smith",2
"1344","Mark Hudspeth","Mike Lucas",1
"1345","Mark Hudspeth","Will Hall",1
"1346","Mark Mangino","Bill Miller",1
"1347","Mark Mangino","Bill Young",6
"1348","Mark Mangino","Clint Bowen",3
"1349","Mark Mangino","Dave Doeren",1
"1350","Mark Mangino","Ed Warinner",3
"1351","Mark Mangino","Nick Quartaro",5
"1352","Mark Richt","Brian Schottenheimer",1
"1353","Mark Richt","Brian VanGorder",4
"1354","Mark Richt","Jeremy Pruitt",2
"1355","Mark Richt","John Jancek",1
"1356","Mark Richt","Manny Diaz",3
"1357","Mark Richt","Mike Bobo",8
"1358","Mark Richt","Neil Callaway",6
"1359","Mark Richt","Ron Dugans",1
"1360","Mark Richt","Thomas Brown",3
"1361","Mark Richt","Todd Grantham",4
"1362","Mark Richt","Willie Martinez",5
"1363","Mark Snyder","Jim Collins",2
"1364","Mark Snyder","John Shannon",2
"1365","Mark Snyder","Larry Kueck",3
"1366","Mark Snyder","Rick Minter",2
"1367","Mark Snyder","Steve Dunlap",1
"1368","Mark Stoops","Brad White",3
"1369","Mark Stoops","D.J. Eliot",4
"1370","Mark Stoops","Darin Hinshaw",5
"1371","Mark Stoops","Eddie Gran",4
"1372","Mark Stoops","Jon Sumrall",1
"1373","Mark Stoops","Liam Coen",1
"1374","Mark Stoops","Matt House",2
"1375","Mark Stoops","Neal Brown",2
"1376","Mark Stoops","Shannon Dawson",1
"1377","Mark Whipple","Ed Pinkham",2
"1378","Mark Whipple","Tom Masella",3
"1379","Matt Campbell","Jason Candle",4
"1380","Matt Campbell","Jon Heacock",8
"1381","Matt Campbell","Tom Manning",5
"1382","Matt Campbell","Tom Matukewicz",2
"1383","Matt Canada","Andy Buh",1
"1384","Matt Canada","Chris Beatty",1
"1385","Matt Canada","Jimmy Brumbaugh",1
"1386","Matt Luke","Jason Jones",2
"1387","Matt Luke","Mike MacIntyre",1
"1388","Matt Luke","Phil Longo",2
"1389","Matt Luke","Rich Rodriguez",1
"1390","Matt Luke","Wesley McGriff",2
"1391","Matt Rhule","Glenn Thomas",4
"1392","Matt Rhule","Jeff Nixon",3
"1393","Matt Rhule","Marcus Satterfield",3
"1394","Matt Rhule","Phil Snow",7
"1395","Matt Viator","Eman Naghavi",1
"1396","Matt Viator","Matt Kubik",4
"1397","Matt Viator","Mike Collins",4
"1398","Matt Viator","Scott Stoker",1
"1399","Matt Wells","David Yost",4
"1400","Matt Wells","Frank Maile",3
"1401","Matt Wells","Josh Heupel",1
"1402","Matt Wells","Jovon Bouknight",1
"1403","Matt Wells","Keith Patterson",4
"1404","Matt Wells","Kendrick Shaver",2
"1405","Matt Wells","Kevin Clune",1
"1406","Matt Wells","Kevin McGiven",2
"1407","Matt Wells","Luke Wells",4
"1408","Matt Wells","Sonny Cumbie",1
"1409","Matt Wells","Todd Orlando",2
"1410","Maurice Linguist","Joe Cauthen",1
"1411","Maurice Linguist","Shane Montgomery",1
"1412","Mel Tucker","Jay Johnson",3
"1413","Mel Tucker","Scottie Hazelton",2
"1414","Mel Tucker","Tyson Summers",1
"1415","Michael Haywood","Carl Reese",2
"1416","Michael Haywood","Morris Watts",1
"1417","Michael Haywood","Peter Vaas",1
"1418","Mick Dennehy","Bob Cole",5
"1419","Mick Dennehy","David Kotulski",2
"1420","Mick Dennehy","Kraig Paulson",3
"1421","Mike Bellotti","Andy Ludwig",3
"1422","Mike Bellotti","Chip Kelly",2
"1423","Mike Bellotti","Gary Crowton",2
"1424","Mike Bellotti","Jeff Tedford",2
"1425","Mike Bellotti","Nick Aliotti",9
"1426","Mike Bloomgren","Brian Smith",4
"1427","Mike Bloomgren","Jerry Mack",3
"1428","Mike Bloomgren","Marques Tuiasosopo",1
"1429","Mike Bobo","Dave Johnson",2
"1430","Mike Bobo","John Jancek",2
"1431","Mike Bobo","Marty English",2
"1432","Mike Bobo","Tyson Summers",1
"1433","Mike Bobo","Will Friend",3
"1434","Mike Cavan","Eric Schumann",2
"1435","Mike Cavan","Larry Kueck",2
"1436","Mike DeBord","Bart Bartolomeo",1
"1437","Mike DeBord","Butch Jones",3
"1438","Mike DeBord","John Milligan",3
"1439","Mike DuBose","Charlie Stubbs",1
"1440","Mike DuBose","Ellis Johnson",1
"1441","Mike DuBose","Neil Callaway",1
"1442","Mike Gundy","Bill Young",4
"1443","Mike Gundy","Dana Holgorsen",1
"1444","Mike Gundy","Glenn Spencer",7
"1445","Mike Gundy","Gunter Brewer",2
"1446","Mike Gundy","Jim Knowles",4
"1447","Mike Gundy","Joe Wickline",1
"1448","Mike Gundy","Larry Fedora",3
"1449","Mike Gundy","Mike Yurcich",6
"1450","Mike Gundy","Sean Gleeson",1
"1451","Mike Gundy","Tim Beckman",2
"1452","Mike Gundy","Todd Monken",2
"1453","Mike Gundy","Trooper Taylor",1
"1454","Mike Gundy","Vance Bedford",2
"1455","Mike Houston","Blake Harrell",2
"1456","Mike Houston","Bob Trott",1
"1457","Mike Houston","Donnie Kirkpatrick",3
"1458","Mike Jinks","Andy Padron",3
"1459","Mike Jinks","Carl Pelini",1
"1460","Mike Jinks","Kevin Kilmer",3
"1461","Mike Jinks","Marcus White",1
"1462","Mike Jinks","Perry Eliano",2
"1463","Mike Kruczek","Bill D'Ottavio",2
"1464","Mike Kruczek","Gene Chizik",2
"1465","Mike Kruczek","Robert McFarland",3
"1466","Mike Leach","Alex Grinch",3
"1467","Mike Leach","Dana Holgorsen",3
"1468","Mike Leach","Darcel McBath",1
"1469","Mike Leach","Lyle Setencich",3
"1470","Mike Leach","Mike Breske",3
"1471","Mike Leach","Ruffin McNeill",3
"1472","Mike Leach","Sonny Dykes",2
"1473","Mike Leach","Tracy Claeys",2
"1474","Mike Leach","Zach Arnett",2
"1475","Mike Locksley","Brian Stewart",1
"1476","Mike Locksley","Brian Williams",1
"1477","Mike Locksley","Dan Enos",1
"1478","Mike Locksley","Darrell Dickey",2
"1479","Mike Locksley","David Reaves",1
"1480","Mike Locksley","Doug Mallory",2
"1481","Mike Locksley","Joker Phillips",2
"1482","Mike Locksley","Jon Hoke",2
"1483","Mike Locksley","Mike Degory",1
"1484","Mike Locksley","Scottie Montgomery",2
"1485","Mike London","Bill Lazor",3
"1486","Mike London","Jim Reid",2
"1487","Mike London","Jon Tenuta",2
"1488","Mike London","Steve Fairchild",3
"1489","Mike MacIntyre","Brian Lindgren",6
"1490","Mike MacIntyre","D.J. Eliot",2
"1491","Mike MacIntyre","Darrin Chiaverini",3
"1492","Mike MacIntyre","Jim Leavitt",2
"1493","Mike MacIntyre","John DeFilippo",1
"1494","Mike MacIntyre","Kent Baer",5
"1495","Mike MacIntyre","Klayton Adams",1
"1496","Mike MacIntyre","Tim Landis",1
"1497","Mike Neu","David Elson",3
"1498","Mike Neu","Joey Lynch",4
"1499","Mike Neu","Kevin Lynch",2
"1500","Mike Neu","Tim Daoust",1
"1501","Mike Neu","Tyler Stockton",3
"1502","Mike Norvell","Adam Fuller",3
"1503","Mike Norvell","Chip Long",1
"1504","Mike Norvell","Chris Ball",3
"1505","Mike Norvell","Darrell Dickey",1
"1506","Mike Norvell","Kenny Dillingham",3
"1507","Mike Norvell","Kevin Johns",1
"1508","Mike Price","Aaron Price",5
"1509","Mike Price","Andre Patterson",3
"1510","Mike Price","Bill Doba",3
"1511","Mike Price","Bob Connelly",3
"1512","Mike Price","Brian Natkin",1
"1513","Mike Price","Eric Price",4
"1514","Mike Price","John McDonell",1
"1515","Mike Price","Mike Levenseller",2
"1516","Mike Price","Osia Lewis",2
"1517","Mike Price","Tim Hundley",4
"1518","Mike Riley","Bob Diaco",1
"1519","Mike Riley","Danny Langsdorf",12
"1520","Mike Riley","John Garrett",1
"1521","Mike Riley","Mark Banker",14
"1522","Mike Riley","Paul Chryst",2
"1523","Mike Sanford Jr.","Clayton White",2
"1524","Mike Sanford Jr.","Junior Adams",2
"1525","Mike Sanford Sr.","Dennis Therrell",2
"1526","Mike Sanford Sr.","Gary Bernardi",5
"1527","Mike Sanford Sr.","Kurt Barber",1
"1528","Mike Sanford Sr.","Noah Brindise",2
"1529","Mike Sanford Sr.","Todd Berry",3
"1530","Mike Sanford Sr.","Vic Shealy",3
"1531","Mike Sherman","Joe Kines",2
"1532","Mike Sherman","Nolan Cromwell",2
"1533","Mike Sherman","Tim DeRuyter",2
"1534","Mike Shula","David Rader",4
"1535","Mike Shula","Joe Kines",4
"1536","Mike Stoops","Bill Bedenbaugh",1
"1537","Mike Stoops","Greg Brown",1
"1538","Mike Stoops","Mark Stoops",6
"1539","Mike Stoops","Mike Canales",3
"1540","Mike Stoops","Seth Littrell",2
"1541","Mike Stoops","Sonny Dykes",3
"1542","Mike Stoops","Tim Kish",2
"1543","Neal Brown","Chad Scott",3
"1544","Neal Brown","Gerad Parker",2
"1545","Neal Brown","Jordan Lesley",2
"1546","Neal Brown","Kenny Edenfield",3
"1547","Neal Brown","Matt Moore",5
"1548","Neal Brown","Sean Reagan",1
"1549","Neal Brown","ShaDon Brown",1
"1550","Neal Brown","Vic Koenning",5
"1551","Neil Callaway","Eric Schumann",4
"1552","Neil Callaway","Kim Helton",5
"1553","Neil Callaway","Tommy West",1
"1554","Nick Rolovich","Brian Smith",5
"1555","Nick Rolovich","Corey Batoon",2
"1556","Nick Rolovich","Craig Stutzmann",2
"1557","Nick Rolovich","Jake Dickert",2
"1558","Nick Rolovich","Kevin Lempa",1
"1559","Nick Rolovich","Legi Suiaunoa",1
"1560","Nick Saban","Bill O'Brien",1
"1561","Nick Saban","Brian Daboll",1
"1562","Nick Saban","Charles Kelly",2
"1563","Nick Saban","Doug Nussmeier",2
"1564","Nick Saban","Gary Gibbs",1
"1565","Nick Saban","Jeremy Pruitt",2
"1566","Nick Saban","Jim McElwain",4
"1567","Nick Saban","Jimbo Fisher",5
"1568","Nick Saban","Joe Pendry",1
"1569","Nick Saban","Josh Gattis",1
"1570","Nick Saban","Kevin Steele",2
"1571","Nick Saban","Kirby Smart",7
"1572","Nick Saban","Lane Kiffin",3
"1573","Nick Saban","Major Applewhite",1
"1574","Nick Saban","Mike Locksley",2
"1575","Nick Saban","Pete Golding",4
"1576","Nick Saban","Phil Elmassian",1
"1577","Nick Saban","Steve Sarkisian",2
"1578","Nick Saban","Tosh Lupoi",3
"1579","Nick Saban","Will Muschamp",3
"1580","Norm Chow","Aaron Price",1
"1581","Norm Chow","Don Bailey",1
"1582","Norm Chow","Kevin Clune",1
"1583","Norm Chow","Thom Kaumeyer",2
"1584","Norm Chow","Tom Mason",1
"1585","Norm Chow","Tommy Lee",1
"1586","P.J. Fleck","Ed Pinkham",4
"1587","P.J. Fleck","Joe Harasymiak",2
"1588","P.J. Fleck","Joe Rossi",4
"1589","P.J. Fleck","Kirk Ciarrocca",7
"1590","P.J. Fleck","Matt Simon",2
"1591","P.J. Fleck","Mike Sanford Jr.",2
"1592","P.J. Fleck","Robb Smith",2
"1593","Pat Fitzgerald","Garrick McGee",2
"1594","Pat Fitzgerald","Greg Colby",2
"1595","Pat Fitzgerald","Jim O'Neil",1
"1596","Pat Fitzgerald","Mick McCall",12
"1597","Pat Fitzgerald","Mike Bajakian",2
"1598","Pat Fitzgerald","Mike Hankwitz",13
"1599","Pat Hill","Andy Ludwig",2
"1600","Pat Hill","Dan Brown",8
"1601","Pat Hill","Doug Nussmeier",1
"1602","Pat Hill","Frank Cignetti Jr.",4
"1603","Pat Hill","Jim McElwain",1
"1604","Pat Hill","Kevin Coyle",1
"1605","Pat Hill","Randy Stewart",3
"1606","Pat Hill","Steve Hagen",1
"1607","Pat Narduzzi","Jim Chaney",1
"1608","Pat Narduzzi","Josh Conklin",3
"1609","Pat Narduzzi","Mark Whipple",3
"1610","Pat Narduzzi","Matt Canada",1
"1611","Pat Narduzzi","Randy Bates",4
"1612","Pat Narduzzi","Shawn Watson",2
"1613","Paul Chryst","Dave Aranda",1
"1614","Paul Chryst","Dave Huxtable",1
"1615","Paul Chryst","Jim Leonhard",5
"1616","Paul Chryst","Joe Rudolph",5
"1617","Paul Chryst","Justin Wilcox",1
"1618","Paul Chryst","Matt House",2
"1619","Paul Hackett","Bill Young",1
"1620","Paul Hackett","Hue Jackson",1
"1621","Paul Haynes","Ben Needham",2
"1622","Paul Haynes","Brian George",3
"1623","Paul Haynes","Brian Rock",1
"1624","Paul Haynes","Don Treadwell",3
"1625","Paul Haynes","Jeff Burrow",2
"1626","Paul Johnson","Al Groh",3
"1627","Paul Johnson","Buddy Green",6
"1628","Paul Johnson","Dave Wommack",2
"1629","Paul Johnson","Nate Woody",1
"1630","Paul Johnson","Ted Roof",5
"1631","Paul Pasqualoni","Chris Rippon",4
"1632","Paul Pasqualoni","Don Brown",2
"1633","Paul Pasqualoni","George DeLeone",7
"1634","Paul Pasqualoni","Hank Hughes",1
"1635","Paul Pasqualoni","Steve Dunlap",1
"1636","Paul Pasqualoni","T.J. Weist",1
"1637","Paul Rhoads","Courtney Messingham",2
"1638","Paul Rhoads","Mark Mangino",2
"1639","Paul Rhoads","Tom Herman",3
"1640","Paul Rhoads","Wally Burnham",7
"1641","Paul Wulff","Chris Ball",4
"1642","Paul Wulff","Jody Sears",3
"1643","Paul Wulff","Todd Sturdy",4
"1644","Pete Carroll","John Morton",1
"1645","Pete Carroll","Lane Kiffin",2
"1646","Pete Carroll","Nick Holt",3
"1647","Pete Carroll","Norm Chow",4
"1648","Pete Carroll","Rocky Seto",1
"1649","Pete Carroll","Steve Sarkisian",2
"1650","Pete Lembo","Jay Bateman",3
"1651","Pete Lembo","Joey Lynch",2
"1652","Pete Lembo","Kevin Kelly",2
"1653","Pete Lembo","Rich Skrosky",3
"1654","Phil Bennett","Jim Gush",6
"1655","Phil Bennett","Larry Edmondson",2
"1656","Phil Bennett","Rusty Burns",4
"1657","Philip Montgomery","Bill Young",4
"1658","Philip Montgomery","Brian Norwood",2
"1659","Philip Montgomery","Joseph Gillespie",3
"1660","Philip Montgomery","Matt Mattox",1
"1661","Philip Montgomery","Sterlin Gilbert",1
"1662","Phillip Fulmer","Dave Clawson",1
"1663","Phillip Fulmer","David Cutcliffe",2
"1664","Phillip Fulmer","Greg Adkins",2
"1665","Phillip Fulmer","John Chavis",9
"1666","Phillip Fulmer","Matt Luke",2
"1667","Phillip Fulmer","Randy Sanders",6
"1668","R.C. Slocum","Dino Babers",1
"1669","R.C. Slocum","Kevin Sumlin",1
"1670","R.C. Slocum","Mike Hankwitz",3
"1671","R.C. Slocum","Steve Kragthorpe",1
"1672","Ralph Friedgen","Charlie Taaffe",5
"1673","Ralph Friedgen","Chris Cosh",3
"1674","Ralph Friedgen","Don Brown",2
"1675","Ralph Friedgen","Gary Blackney",5
"1676","Ralph Friedgen","James Franklin",3
"1677","Randy Edsall","Billy Crocker",2
"1678","Randy Edsall","Brian Stewart",3
"1679","Randy Edsall","Dave Warner",1
"1680","Randy Edsall","Frank Giufre",3
"1681","Randy Edsall","Gary Crowton",1
"1682","Randy Edsall","Hank Hughes",3
"1683","Randy Edsall","Jerry Franks",1
"1684","Randy Edsall","Joe Moorhead",2
"1685","Randy Edsall","Keith Dudzinski",1
"1686","Randy Edsall","Kent Briggs",1
"1687","Randy Edsall","Lou Spanos",3
"1688","Randy Edsall","Mike Locksley",3
"1689","Randy Edsall","Mike Toop",1
"1690","Randy Edsall","Norries Wilson",4
"1691","Randy Edsall","Rhett Lashlee",1
"1692","Randy Edsall","Rob Ambrose",3
"1693","Randy Edsall","Todd Bradford",1
"1694","Randy Edsall","Todd Orlando",6
"1695","Randy Shannon","Bill Young",1
"1696","Randy Shannon","John Lovett",2
"1697","Randy Shannon","Mark Whipple",2
"1698","Randy Shannon","Patrick Nix",2
"1699","Randy Shannon","Tim Walton",1
"1700","Randy Walker","Greg Colby",4
"1701","Randy Walker","Jerry Brown",2
"1702","Randy Walker","Mike Dunbar",4
"1703","Rich Brooks","Joker Phillips",5
"1704","Rich Brooks","Mike Archer",4
"1705","Rich Brooks","Randy Sanders",1
"1706","Rich Brooks","Ron Hudson",2
"1707","Rich Brooks","Steve Brown",3
"1708","Rich Ellerson","Chris Smeland",5
"1709","Rich Ellerson","Ian Shields",4
"1710","Rich Ellerson","Payam Saadat",5
"1711","Rich Rodriguez","Calvin Magee",12
"1712","Rich Rodriguez","Greg Robinson",2
"1713","Rich Rodriguez","Herb Hand",6
"1714","Rich Rodriguez","Jeff Casteel",10
"1715","Rich Rodriguez","Marcel Yates",2
"1716","Rich Rodriguez","Phil Elmassian",1
"1717","Rich Rodriguez","Rod Smith",6
"1718","Rich Rodriguez","Scott Shafer",1
"1719","Rich Rodriguez","Todd Graham",1
"1720","Rick Minter","A.J. Christoff",2
"1721","Rick Minter","Dave Baldwin",1
"1722","Rick Minter","Joe Daniels",1
"1723","Rick Minter","Mark Criner",1
"1724","Rick Minter","Mike Kolakowski",1
"1725","Rick Minter","Rick Smith",1
"1726","Rick Minter","Rusty Burns",2
"1727","Rick Neuheisel","Chuck Bullough",2
"1728","Rick Neuheisel","DeWayne Walker",1
"1729","Rick Neuheisel","Joe Tresey",1
"1730","Rick Neuheisel","Keith Gilbertson",3
"1731","Rick Neuheisel","Michael Johnson",1
"1732","Rick Neuheisel","Norm Chow",3
"1733","Rick Neuheisel","Tim Hundley",3
"1734","Rick Stockstill","Brent Dearmon",1
"1735","Rick Stockstill","Buster Faulkner",4
"1736","Rick Stockstill","G.A. Mangus",3
"1737","Rick Stockstill","Manny Diaz",4
"1738","Rick Stockstill","Mike Schultz",1
"1739","Rick Stockstill","Randall McCray",1
"1740","Rick Stockstill","Scott Shafer",5
"1741","Rick Stockstill","Steve Ellis",4
"1742","Rick Stockstill","Tony Franklin",6
"1743","Rick Stockstill","Tyrone Nix",5
"1744","Rick Stockstill","Willie Simmons",1
"1745","Rickey Bustle","Blake Anderson",1
"1746","Rickey Bustle","Brent Pry",2
"1747","Rickey Bustle","Kevin Fouquier",4
"1748","Rickey Bustle","Rob Christophel",5
"1749","Rickey Bustle","Ron Hudson",2
"1750","Rickey Bustle","Troy Wingerter",1
"1751","Ricky Rahne","Blake Seiler",2
"1752","Ricky Rahne","Kirk Campbell",2
"1753","Rip Scherer","Tommy West",1
"1754","Rob Ianello","Curt Mallory",1
"1755","Rob Ianello","John Latina",2
"1756","Rob Ianello","Kevin Cosgrove",1
"1757","Robbie Caldwell","Jamie Bryant",1
"1758","Robbie Caldwell","Jimmy Kiser",1
"1759","Rocky Long","Andy Ludwig",2
"1760","Rocky Long","Bob Toledo",3
"1761","Rocky Long","Bronco Mendenhall",2
"1762","Rocky Long","Dan Dodd",6
"1763","Rocky Long","Danny Gonzales",1
"1764","Rocky Long","Dave Baldwin",2
"1765","Rocky Long","Jeff Horton",5
"1766","Rocky Long","Osia Lewis",5
"1767","Rocky Long","Troy Reffett",1
"1768","Rocky Long","Zach Arnett",2
"1769","Rod Carey","Bob Cole",3
"1770","Rod Carey","Jay Niemann",3
"1771","Rod Carey","Jeff Knowles",4
"1772","Rod Carey","Kevin Kane",2
"1773","Rod Carey","Mike Uremovich",6
"1774","Ron Caragher","Al Borges",2
"1775","Ron Caragher","Greg Robinson",2
"1776","Ron Caragher","Jimmie Dougherty",2
"1777","Ron Caragher","Kenwick Thompson",1
"1778","Ron Caragher","Ron English",1
"1779","Ron English","Eric Lewis",1
"1780","Ron English","Ken Karcher",4
"1781","Ron English","Phil Snow",3
"1782","Ron English","Stan Parrish",1
"1783","Ron McBride","Craig Ver Steeg",2
"1784","Ron McBride","Kyle Whittingham",2
"1785","Ron McBride","Tommy Lee",1
"1786","Ron Prince","Dave Brock",1
"1787","Ron Prince","James Franklin",2
"1788","Ron Prince","Raheem Morris",1
"1789","Ron Prince","Tim Tibesar",2
"1790","Ron Turner","Josh Conklin",2
"1791","Ron Turner","Matt House",1
"1792","Ron Turner","Mike Cassity",3
"1793","Ron Turner","Mike Mallory",1
"1794","Ron Turner","Ron Cooper",1
"1795","Ron Turner","Steve Shankweiler",3
"1796","Ron Turner","Tim Kish",1
"1797","Ron Vanderlinden","Bob Heffner",1
"1798","Ron Vanderlinden","Mike Gundy",1
"1799","Ron Vanderlinden","Wally Ake",1
"1800","Ron Zook","Charlie Strong",2
"1801","Ron Zook","Curt Mallory",3
"1802","Ron Zook","Dan Disch",3
"1803","Ron Zook","Ed Zaunbrecher",2
"1804","Ron Zook","John Thompson",1
"1805","Ron Zook","Larry Fedora",1
"1806","Ron Zook","Mike Locksley",4
"1807","Ron Zook","Mike Mallory",1
"1808","Ron Zook","Mike Schultz",1
"1809","Ron Zook","Paul Petrino",2
"1810","Ron Zook","Vic Koenning",2
"1811","Ron Zook","Vince Okruch",1
"1812","Ruffin McNeill","Brian Mitchell",3
"1813","Ruffin McNeill","Dave Nichol",1
"1814","Ruffin McNeill","Lincoln Riley",5
"1815","Ruffin McNeill","Rick Smith",3
"1816","Ryan Day","Greg Mattison",2
"1817","Ryan Day","Jeff Hafley",1
"1818","Ryan Day","Kerry Coombs",2
"1819","Ryan Day","Kevin Wilson",3
"1820","Ryan Silverfield","Kevin Johns",2
"1821","Ryan Silverfield","Mike MacIntyre",2
"1822","Sam Pittman","Barry Odom",1
"1823","Sam Pittman","Kendal Briles",2
"1824","Scot Loeffler","Brian VanGorder",2
"1825","Scot Loeffler","Eric Lewis",1
"1826","Scot Loeffler","Terry Malone",3
"1827","Scott Frost","Erik Chinander",6
"1828","Scott Frost","Matt Lubick",2
"1829","Scott Frost","Troy Walters",4
"1830","Scott Satterfield","Bryan Brown",3
"1831","Scott Satterfield","Cort Dennison",3
"1832","Scott Satterfield","Dale Jones",1
"1833","Scott Satterfield","Dwayne Ledford",4
"1834","Scott Satterfield","Frank Ponce",5
"1835","Scott Satterfield","Nate Woody",4
"1836","Scott Satterfield","Scot Sloan",1
"1837","Scott Satterfield","Shawn Clark",3
"1838","Scott Shafer","Chuck Bullough",3
"1839","Scott Shafer","George McDonald",2
"1840","Scott Shafer","Tim Lester",1
"1841","Scottie Montgomery","David Blackwell",1
"1842","Scottie Montgomery","Kenwick Thompson",2
"1843","Scottie Montgomery","Tony Petersen",3
"1844","Sean Kugler","Brent Pease",2
"1845","Sean Kugler","Patrick Higgins",3
"1846","Sean Kugler","Scott Stoker",3
"1847","Sean Kugler","Tom Mason",2
"1848","Sean Lewis","Andrew Sowder",4
"1849","Sean Lewis","Tom Kaufman",3
"1850","Seth Littrell","Bodie Reeder",1
"1851","Seth Littrell","Clint Bowen",1
"1852","Seth Littrell","Graham Harrell",3
"1853","Seth Littrell","Mike Bloesch",2
"1854","Seth Littrell","Mike Ekeler",1
"1855","Seth Littrell","Phil Bennett",1
"1856","Seth Littrell","Tommy Mainord",2
"1857","Seth Littrell","Troy Reffett",4
"1858","Shane Beamer","Clayton White",1
"1859","Shane Beamer","Marcus Satterfield",1
"1860","Shane Montgomery","Jay Hood",2
"1861","Shane Montgomery","Taver Johnson",1
"1862","Shawn Clark","Dale Jones",2
"1863","Shawn Clark","Frank Ponce",1
"1864","Shawn Clark","Tony Petersen",1
"1865","Shawn Elliott","Brad Glenn",3
"1866","Shawn Elliott","Nate Fuqua",5
"1867","Shawn Elliott","Travis Trickett",2
"1868","Skip Holtz","Blake Baker",4
"1869","Skip Holtz","Bob Diaco",1
"1870","Skip Holtz","Chris Cosh",1
"1871","Skip Holtz","David Blackwell",2
"1872","Skip Holtz","Greg Hudson",5
"1873","Skip Holtz","Joe Sloan",2
"1874","Skip Holtz","Kim Dameron",1
"1875","Skip Holtz","Manny Diaz",1
"1876","Skip Holtz","Mark Snyder",2
"1877","Skip Holtz","Steve Shankweiler",5
"1878","Skip Holtz","Todd Fitch",10
"1879","Skip Holtz","Tony Petersen",3
"1880","Sonny Dykes","A.J. Ricker",2
"1881","Sonny Dykes","Andy Buh",1
"1882","Sonny Dykes","Art Kaufman",3
"1883","Sonny Dykes","Garrett Riley",2
"1884","Sonny Dykes","Jake Spavital",1
"1885","Sonny Dykes","Jim Leavitt",1
"1886","Sonny Dykes","Kevin Kane",3
"1887","Sonny Dykes","Rhett Lashlee",2
"1888","Sonny Dykes","Tommy Spangler",3
"1889","Sonny Dykes","Tony Franklin",6
"1890","Sonny Lubick","Dan Hammerschmidt",7
"1891","Sonny Lubick","Dave Lay",1
"1892","Sonny Lubick","John Benton",3
"1893","Sonny Lubick","Larry Kerr",3
"1894","Sonny Lubick","Steve Fairchild",1
"1895","Sonny Lubick","Steve Stanard",5
"1896","Stan Brock","John Mumford",2
"1897","Stan Brock","Tim Walsh",2
"1898","Stan Parrish","Doug Graber",1
"1899","Stan Parrish","Eddie Faulkner",2
"1900","Stan Parrish","Jay Hood",1
"1901","Steve Addazio","Anthony Campanile",1
"1902","Steve Addazio","Chuck Heater",4
"1903","Steve Addazio","Don Brown",3
"1904","Steve Addazio","Jim Reid",4
"1905","Steve Addazio","Joey Lynch",1
"1906","Steve Addazio","Jon Budmayr",1
"1907","Steve Addazio","Mike Bajakian",1
"1908","Steve Addazio","Ryan Day",3
"1909","Steve Addazio","Scot Loeffler",4
"1910","Steve Addazio","Todd Fitch",1
"1911","Steve Campbell","Greg Stewart",3
"1912","Steve Campbell","Kenny Edenfield",3
"1913","Steve Fairchild","Greg Peterson",2
"1914","Steve Fairchild","Larry Kerr",3
"1915","Steve Fairchild","Pat Meyer",2
"1916","Steve Kragthorpe","Brent Guy",1
"1917","Steve Kragthorpe","Charlie Stubbs",5
"1918","Steve Kragthorpe","Jeff Brohm",1
"1919","Steve Kragthorpe","Keith Patterson",1
"1920","Steve Kragthorpe","Mark Nelson",1
"1921","Steve Kragthorpe","Mike Cassity",1
"1922","Steve Kragthorpe","Ron English",1
"1923","Steve Kragthorpe","Todd Graham",1
"1924","Steve Logan","Doug Martin",3
"1925","Steve Logan","Tim Rose",3
"1926","Steve Roberts","Doug Ruse",8
"1927","Steve Roberts","Hugh Freeze",1
"1928","Steve Roberts","Jack Curtis",7
"1929","Steve Roberts","Kevin Corless",9
"1930","Steve Sarkisian","Clay Helton",2
"1931","Steve Sarkisian","Doug Nussmeier",3
"1932","Steve Sarkisian","Eric Kiesau",2
"1933","Steve Sarkisian","Jeff Choate",1
"1934","Steve Sarkisian","Justin Wilcox",4
"1935","Steve Sarkisian","Kyle Flood",1
"1936","Steve Sarkisian","Nick Holt",3
"1937","Steve Sarkisian","Pete Kwiatkowski",1
"1938","Steve Sarkisian","Tee Martin",1
"1939","Steve Spurrier","Buddy Teevens",1
"1940","Steve Spurrier","Ellis Johnson",4
"1941","Steve Spurrier","Jon Hoke",2
"1942","Steve Spurrier","Lorenzo Ward",4
"1943","Steve Spurrier","Shawn Elliott",3
"1944","Steve Spurrier","Steve Spurrier Jr.",4
"1945","Steve Spurrier","Tyrone Nix",1
"1946","Sylvester Croom","Charlie Harbison",1
"1947","Sylvester Croom","Ellis Johnson",4
"1948","Sylvester Croom","Woody McCorvey",5
"1949","Ted Roof","Bill O'Brien",2
"1950","Ted Roof","Jerry Azzinaro",3
"1951","Ted Roof","Marty Galbraith",1
"1952","Ted Roof","Peter Vaas",1
"1953","Ted Roof","Scott Brown",4
"1954","Ted Tollner","Dave Lay",2
"1955","Ted Tollner","Ken Delgado",2
"1956","Terry Allen","Ardell Wiegandt",1
"1957","Terry Allen","Bill Salmon",1
"1958","Terry Allen","Rip Scherer",1
"1959","Terry Allen","Tom Hayes",1
"1960","Terry Bowden","A.J. Milwee",5
"1961","Terry Bowden","Chuck Amato",5
"1962","Terry Bowden","Zac Alley",1
"1963","Terry Hoeppner","Bill Lynch",1
"1964","Terry Hoeppner","Brian George",3
"1965","Terry Hoeppner","Greg Seamon",1
"1966","Terry Hoeppner","Joe Palcic",3
"1967","Terry Hoeppner","Jon Wauford",3
"1968","Terry Hoeppner","Pat Narduzzi",1
"1969","Terry Hoeppner","Shane Montgomery",4
"1970","Terry Shea","Dennis Creehan",1
"1971","Thomas Hammock","Eric Eidsness",3
"1972","Thomas Hammock","Robert Wimberly",2
"1973","Tim Albin","Allen Rudolph",1
"1974","Tim Albin","Pete Germano",1
"1975","Tim Albin","Ron Collins",1
"1976","Tim Albin","Scott Isphording",1
"1977","Tim Beckman","Bill Cubit",2
"1978","Tim Beckman","Billy Gonzales",1
"1979","Tim Beckman","Chris Beatty",1
"1980","Tim Beckman","Matt Campbell",2
"1981","Tim Beckman","Paul Nichols",5
"1982","Tim Beckman","Tim Banks",3
"1983","Tim Brewster","Everett Withers",1
"1984","Tim Brewster","Jedd Fisch",1
"1985","Tim Brewster","Jeff Horton",1
"1986","Tim Brewster","Kevin Cosgrove",2
"1987","Tim Brewster","Mike Dunbar",2
"1988","Tim Brewster","Ronnie Lee",2
"1989","Tim Brewster","Ted Roof",1
"1990","Tim Brewster","Thomas Hammock",1
"1991","Tim DeRuyter","Dave Schramm",4
"1992","Tim DeRuyter","Eric Kiesau",1
"1993","Tim DeRuyter","Lorenzo Ward",1
"1994","Tim DeRuyter","Nick Toth",4
"1995","Tim Lester","Bill Kenney",1
"1996","Tim Lester","Eric Evans",1
"1997","Tim Lester","Jake Moreland",4
"1998","Tim Lester","Kevin Johns",1
"1999","Tim Lester","Lou Esposito",5
"2000","Tim Lester","Mike Bath",1
"2001","Tim Lester","Tim Daoust",2
"2002","Todd Berry","Adam Waugh",1
"2003","Todd Berry","Dennis Therrell",4
"2004","Todd Berry","John Bond",4
"2005","Todd Berry","Steve Farmer",5
"2006","Todd Berry","Troy Reffett",5
"2007","Todd Dodge","Gary DeLoach",3
"2008","Todd Dodge","Ron Mendoza",1
"2009","Todd Dodge","Todd Ford",3
"2010","Todd Graham","Billy Napier",1
"2011","Todd Graham","Bo Graham",1
"2012","Todd Graham","Calvin Magee",1
"2013","Todd Graham","Chad Morris",1
"2014","Todd Graham","Chip Lindsey",1
"2015","Todd Graham","Chris Ball",3
"2016","Todd Graham","G.J. Kinne",1
"2017","Todd Graham","Gus Malzahn",2
"2018","Todd Graham","Herb Hand",4
"2019","Todd Graham","Jacob Yoro",1
"2020","Todd Graham","Keith Patterson",7
"2021","Todd Graham","Major Applewhite",1
"2022","Todd Graham","Mike Norvell",5
"2023","Todd Graham","Paul Randolph",5
"2024","Todd Graham","Phil Bennett",1
"2025","Todd Graham","Rob Likens",1
"2026","Todd Graham","Ron West",2
"2027","Todd Graham","Tony Hull",1
"2028","Todd Graham","Victor Santa Cruz",1
"2029","Todd Monken","Chip Lindsey",2
"2030","Todd Monken","David Duggan",3
"2031","Todd Monken","Marcus Arroyo",1
"2032","Tom Allen","Charlton Warren",1
"2033","Tom Allen","Grant Heard",2
"2034","Tom Allen","Kalen DeBoer",1
"2035","Tom Allen","Kane Wommack",2
"2036","Tom Allen","Kevin Peoples",1
"2037","Tom Allen","Mark Hagen",3
"2038","Tom Allen","Mike DeBord",1
"2039","Tom Allen","Nick Sheridan",2
"2040","Tom Allen","William Inge",1
"2041","Tom Amstutz","Chris Hedden",1
"2042","Tom Amstutz","John Shannon",3
"2043","Tom Amstutz","Lou West",4
"2044","Tom Amstutz","Tim Rose",4
"2045","Tom Arth","A.J. Milwee",1
"2046","Tom Arth","Bryan Gasser",1
"2047","Tom Arth","Joe Tresey",1
"2048","Tom Arth","Matt Feeney",3
"2049","Tom Arth","Tommy Zagorski",2
"2050","Tom Craft","Thom Kaumeyer",4
"2051","Tom Herman","Chris Ash",1
"2052","Tom Herman","Coleman Hutzler",1
"2053","Tom Herman","Craig Naivar",2
"2054","Tom Herman","Herb Hand",3
"2055","Tom Herman","Major Applewhite",2
"2056","Tom Herman","Mike Yurcich",1
"2057","Tom Herman","Tim Beck",3
"2058","Tom Herman","Todd Orlando",5
"2059","Tom Holmoe","Al Borges",1
"2060","Tom Holmoe","Lyle Setencich",2
"2061","Tom Holmoe","Steve Hagen",1
"2062","Tom O'Brien","Dana Bible",13
"2063","Tom O'Brien","Frank Spaziani",7
"2064","Tom O'Brien","Mike Archer",6
"2065","Tommy Bowden","Brad Scott",1
"2066","Tommy Bowden","John Lovett",3
"2067","Tommy Bowden","Mike O'Cain",1
"2068","Tommy Bowden","Reggie Herring",2
"2069","Tommy Bowden","Rob Spence",4
"2070","Tommy Bowden","Vic Koenning",4
"2071","Tommy Tuberville","Al Borges",4
"2072","Tommy Tuberville","Art Kaufman",2
"2073","Tommy Tuberville","Bobby Petrino",1
"2074","Tommy Tuberville","Chad Glasgow",1
"2075","Tommy Tuberville","David Gibbs",1
"2076","Tommy Tuberville","Eddie Gran",3
"2077","Tommy Tuberville","Gene Chizik",3
"2078","Tommy Tuberville","Hank Hughes",1
"2079","Tommy Tuberville","Hugh Nall",1
"2080","Tommy Tuberville","James Willis",1
"2081","Tommy Tuberville","John Lovett",2
"2082","Tommy Tuberville","Neal Brown",3
"2083","Tommy Tuberville","Noel Mazzone",2
"2084","Tommy Tuberville","Paul Rhoads",1
"2085","Tommy Tuberville","Robert Prunty",3
"2086","Tommy Tuberville","Steve Clinkscale",1
"2087","Tommy Tuberville","Steve Ensminger",1
"2088","Tommy Tuberville","Tony Franklin",1
"2089","Tommy Tuberville","Will Muschamp",2
"2090","Tommy Tuberville","Zac Taylor",1
"2091","Tommy West","Clay Helton",3
"2092","Tommy West","Joe Lee Dunn",4
"2093","Tommy West","Kenny Ingram",1
"2094","Tommy West","Randy Fichtner",6
"2095","Tommy West","Rick Kravitz",1
"2096","Tommy West","Rick Whitt",2
"2097","Tommy West","Tim Walton",1
"2098","Tony Levine","David Gibbs",2
"2099","Tony Levine","Doug Meacham",1
"2100","Tony Levine","Jamie Bryant",1
"2101","Tony Levine","Mike Nesbitt",1
"2102","Tony Levine","Travis Bush",2
"2103","Tony Samuel","Gerry Gdowski",2
"2104","Tony Samuel","Ross Els",2
"2105","Tony Samuel","Steve Stanard",3
"2106","Tony Sanchez","Barney Cotton",4
"2107","Tony Sanchez","Garin Justice",1
"2108","Tony Sanchez","Kent Baer",3
"2109","Tony Sanchez","Tim Skipper",2
"2110","Tracy Claeys","Jay Johnson",1
"2111","Tracy Claeys","Jay Sawvel",1
"2112","Trent Miles","Jeff Jagodzinski",3
"2113","Trent Miles","Jesse Minter",4
"2114","Trent Miles","Luke Huard",1
"2115","Troy Calhoun","Blane Morgan",6
"2116","Troy Calhoun","Clay Hendrix",3
"2117","Troy Calhoun","John Rudzinski",4
"2118","Troy Calhoun","Mike Thiessen",10
"2119","Troy Calhoun","Tim DeRuyter",2
"2120","Troy Calhoun","Tim Horton",1
"2121","Turner Gill","Buddy Wyatt",1
"2122","Turner Gill","Carl Torbush",1
"2123","Turner Gill","Chuck Long",2
"2124","Turner Gill","David Beaty",1
"2125","Turner Gill","Fred Reed",1
"2126","Turner Gill","Gerald Carr",1
"2127","Turner Gill","Jimmy Williams",3
"2128","Turner Gill","Joe Dailey",1
"2129","Turner Gill","Robert Wimberly",1
"2130","Turner Gill","Vantz Singletary",1
"2131","Turner Gill","Vic Shealy",1
"2132","Tyrone Willingham","Bill Diedrick",5
"2133","Tyrone Willingham","Ed Donatell",1
"2134","Tyrone Willingham","Kent Baer",8
"2135","Tyrone Willingham","Tim Lappano",4
"2136","Tyson Helton","Bryan Ellis",3
"2137","Tyson Helton","Clayton White",2
"2138","Tyson Helton","Maurice Crum Jr.",2
"2139","Tyson Helton","Ryan Aplin",1
"2140","Tyson Helton","Zach Kittley",1
"2141","Tyson Summers","Bryan Cook",1
"2142","Tyson Summers","David Dean",1
"2143","Tyson Summers","Lorenzo Costantini",2
"2144","Tyson Summers","Rance Gillespie",1
"2145","Urban Meyer","Alex Grinch",1
"2146","Urban Meyer","Charlie Strong",5
"2147","Urban Meyer","Chris Ash",2
"2148","Urban Meyer","Chuck Heater",1
"2149","Urban Meyer","Dan Mullen",4
"2150","Urban Meyer","Ed Warinner",5
"2151","Urban Meyer","Everett Withers",2
"2152","Urban Meyer","Greg Mattison",3
"2153","Urban Meyer","Greg Schiano",3
"2154","Urban Meyer","Kevin Wilson",2
"2155","Urban Meyer","Kyle Whittingham",2
"2156","Urban Meyer","Luke Fickell",5
"2157","Urban Meyer","Mike Sanford Sr.",2
"2158","Urban Meyer","Ryan Day",2
"2159","Urban Meyer","Steve Addazio",2
"2160","Urban Meyer","Teryl Austin",1
"2161","Urban Meyer","Tim Beck",2
"2162","Urban Meyer","Tim Beckman",2
"2163","Urban Meyer","Tom Herman",3
"2164","Vic Koenning","Matt Wallerstedt",3
"2165","Vic Koenning","Rusty Burns",2
"2166","Walt Bell","Aazaar Abdul-Rahim",1
"2167","Walt Bell","Angelo Mirando",1
"2168","Walt Bell","Tommy Restivo",3
"2169","Walt Harris","A.J. Christoff",1
"2170","Walt Harris","J.D. Brookhart",4
"2171","Walt Harris","Paul Rhoads",5
"2172","Walt Harris","Tom Hayes",1
"2173","Watson Brown","Bill Clay",1
"2174","Watson Brown","Pat Sullivan",7
"2175","Watson Brown","Rick Christophel",3
"2176","Watson Brown","Wayne Bolt",3
"2177","Will Hall","Austin Armstrong",1
"2178","Will Healy","Alex Atkins",1
"2179","Will Healy","Brandon Cooper",3
"2180","Will Healy","Marcus West",1
"2181","Will Healy","Mark Carney",2
"2182","Will Muschamp","Brent Pease",2
"2183","Will Muschamp","Bryan McClendon",4
"2184","Will Muschamp","Charlie Weis",1
"2185","Will Muschamp","D.J. Durkin",2
"2186","Will Muschamp","Dan Quinn",2
"2187","Will Muschamp","Kurt Roper",3
"2188","Will Muschamp","Travaris Robinson",5
"2189","Willie Fritz","Chip Long",1
"2190","Willie Fritz","Chris Hampton",1
"2191","Willie Fritz","Doug Ruse",5
"2192","Willie Fritz","Jack Curtis",7
"2193","Willie Fritz","Will Hall",2
"2194","Willie Taggart","Clint Bowen",1
"2195","Willie Taggart","Clint Trickett",1
"2196","Willie Taggart","Danny Hope",1
"2197","Willie Taggart","Darren Hiller",1
"2198","Willie Taggart","David Reaves",1
"2199","Willie Taggart","Drew Mehringer",1
"2200","Willie Taggart","Harlon Barnett",2
"2201","Willie Taggart","Jim Leavitt",2
"2202","Willie Taggart","Kendal Briles",1
"2203","Willie Taggart","Lance Guidry",2
"2204","Willie Taggart","Marcus Arroyo",1
"2205","Willie Taggart","Mario Cristobal",1
"2206","Willie Taggart","Michael Johnson",1
"2207","Willie Taggart","Mike Stoops",1
"2208","Willie Taggart","Raymond Woodie",1
"2209","Willie Taggart","T.J. Weist",1
"2210","Willie Taggart","Tom Allen",1
"2211","Willie Taggart","Walt Bell",1
"2212","Willie Taggart","Zach Azzanni",1
"2213","Woody Widenhofer","Herb Paterra",2
"2214","Woody Widenhofer","Steve Crosby",2
